{
  "baseline": {
    "kr_equity": 0.12,
    "global_equity": 0.2,
    "fx_commodity": 0.15,
    "bond": 0.33,
    "cash_mmf": 0.2
  },
  "beta": {
    "F1_growth__bond": -0.0737443120170786,
    "F1_growth__cash_mmf": 0.0011375520967014507,
    "F1_growth__fx_commodity": 0.061060250136059785,
    "F1_growth__global_equity": 0.12219526768262587,
    "F1_growth__kr_equity": 0.15900805380232974,
    "F2_inflation__bond": -0.11962766975806749,
    "F2_inflation__cash_mmf": 0.055343465401510326,
    "F2_inflation__fx_commodity": 0.06882750382603432,
    "F2_inflation__global_equity": -0.010466674869196953,
    "F2_inflation__kr_equity": 0.025814374510383688,
    "F3_real_rate__bond": -0.01713819221005261,
    "F3_real_rate__cash_mmf": 0.11434985856321372,
    "F3_real_rate__fx_commodity": -0.09857811891965615,
    "F3_real_rate__global_equity": -0.019853025258439204,
    "F3_real_rate__kr_equity": -0.01599925784074957,
    "F4_term_premium__bond": 0.062217748838067945,
    "F4_term_premium__cash_mmf": -0.025003783386668817,
    "F4_term_premium__fx_commodity": -0.004390979439250138,
    "F4_term_premium__global_equity": 0.15839368938283827,
    "F4_term_premium__kr_equity": 0.008768509902417738,
    "F5_credit_cycle__bond": -0.08553149825687234,
    "F5_credit_cycle__cash_mmf": 0.10925674481488556,
    "F5_credit_cycle__fx_commodity": -0.057673425336819406,
    "F5_credit_cycle__global_equity": -0.07866627962814537,
    "F5_credit_cycle__kr_equity": -0.05650604912450991,
    "F6_krw_regime__bond": 0.05095829557461597,
    "F6_krw_regime__cash_mmf": 0.028166089189928314,
    "F6_krw_regime__fx_commodity": 0.04087646488699951,
    "F6_krw_regime__global_equity": 0.023360693996401588,
    "F6_krw_regime__kr_equity": 0.0194141560174063,
    "F7_equity_vol_regime__bond": -0.013851573703186168,
    "F7_equity_vol_regime__cash_mmf": 0.11805615308810405,
    "F7_equity_vol_regime__fx_commodity": -0.05833635848475386,
    "F7_equity_vol_regime__global_equity": -0.024358605220248287,
    "F7_equity_vol_regime__kr_equity": -0.04288955894106736,
    "F8_valuation__bond": -0.05284675266399166,
    "F8_valuation__cash_mmf": 0.05022461837919514,
    "F8_valuation__fx_commodity": -0.043579619904606265,
    "F8_valuation__global_equity": -0.022538154901054305,
    "F8_valuation__kr_equity": -0.02885774430134789,
    "F9_liquidity_regime__bond": 0.05393574973800387,
    "F9_liquidity_regime__cash_mmf": 0.07318923979174974,
    "F9_liquidity_regime__fx_commodity": 0.042680481227416564,
    "F9_liquidity_regime__global_equity": 0.1098196678474605,
    "F9_liquidity_regime__kr_equity": 0.05165714570213814
  },
  "selected_shrinkage": 1.0,
  "sample_window": "full",
  "calibration_date": "2026-05-23",
  "synthetic_data": true
}