{
  "shrinkage": 0.5,
  "fold_idx": 4,
  "train_end_idx": 108,
  "test_start_idx": 108,
  "test_end_idx": 115,
  "in_sample_sharpe": 1.2084181263870566,
  "oos_sharpe": -0.1504666307877295,
  "beta": {
    "F1_growth_bond": -0.1274150320784987,
    "F1_growth_cash_mmf": -0.04800869630483574,
    "F1_growth_fx_commodity": -0.05164286962272524,
    "F1_growth_global_equity": 0.09371223295614929,
    "F1_growth_kr_equity": 0.024551023819835635,
    "F2_inflation_bond": 0.0023187545953080187,
    "F2_inflation_cash_mmf": 0.15303355085818884,
    "F2_inflation_fx_commodity": 0.017019950656083183,
    "F2_inflation_global_equity": -0.06268572433452348,
    "F2_inflation_kr_equity": -0.1285406382897307,
    "F3_real_rate_bond": -0.11677328959747679,
    "F3_real_rate_cash_mmf": -0.0004420855190770366,
    "F3_real_rate_fx_commodity": -0.015428375197041776,
    "F3_real_rate_global_equity": -0.08603788310898393,
    "F3_real_rate_kr_equity": 0.09792368280071155,
    "F4_term_premium_bond": 0.14505021873009338,
    "F4_term_premium_cash_mmf": -0.028715960232365684,
    "F4_term_premium_fx_commodity": -0.08398518724170603,
    "F4_term_premium_global_equity": 0.10582828397541374,
    "F4_term_premium_kr_equity": 0.004253682285718311,
    "F5_credit_cycle_bond": 0.15478556735268337,
    "F5_credit_cycle_cash_mmf": 0.2,
    "F5_credit_cycle_fx_commodity": 0.05562505827247133,
    "F5_credit_cycle_global_equity": 0.0009448454502422992,
    "F5_credit_cycle_kr_equity": -0.04914518536445008,
    "F6_krw_regime_bond": 0.13570881716430203,
    "F6_krw_regime_cash_mmf": 0.09758676598328317,
    "F6_krw_regime_fx_commodity": 0.07794752875686164,
    "F6_krw_regime_global_equity": 0.10008951256096621,
    "F6_krw_regime_kr_equity": 0.06906751356032502,
    "F7_equity_vol_regime_bond": -0.030907143499487127,
    "F7_equity_vol_regime_cash_mmf": 0.013129413819922194,
    "F7_equity_vol_regime_fx_commodity": 0.029761624210013923,
    "F7_equity_vol_regime_global_equity": -0.19783691376968068,
    "F7_equity_vol_regime_kr_equity": -0.022131978871305424,
    "F8_valuation_bond": 0.01950065290695626,
    "F8_valuation_cash_mmf": -0.010602349293979631,
    "F8_valuation_fx_commodity": 0.09005291901046741,
    "F8_valuation_global_equity": -0.003371238067734116,
    "F8_valuation_kr_equity": -0.11675165471847199,
    "F9_liquidity_regime_bond": 0.12054420783321915,
    "F9_liquidity_regime_cash_mmf": 0.0570323839424,
    "F9_liquidity_regime_fx_commodity": 0.0007716066005691944,
    "F9_liquidity_regime_global_equity": -0.12699777105907684,
    "F9_liquidity_regime_kr_equity": -0.14063244387018406
  }
}