{
  "shrinkage": 1.0,
  "fold_idx": 0,
  "train_end_idx": 80,
  "test_start_idx": 80,
  "test_end_idx": 87,
  "in_sample_sharpe": 1.2094730809399106,
  "oos_sharpe": 0.8394442193970326,
  "beta": {
    "F1_growth_bond": -0.07253336203868488,
    "F1_growth_cash_mmf": -0.03838323068187176,
    "F1_growth_fx_commodity": 0.004854791077432627,
    "F1_growth_global_equity": 0.06586846606882342,
    "F1_growth_kr_equity": 0.03739415039650155,
    "F2_inflation_bond": 0.0005648688541194244,
    "F2_inflation_cash_mmf": 0.10336473586104779,
    "F2_inflation_fx_commodity": 0.010320116490143723,
    "F2_inflation_global_equity": -0.001604998186973311,
    "F2_inflation_kr_equity": -0.12838463856404214,
    "F3_real_rate_bond": -0.10132897031440707,
    "F3_real_rate_cash_mmf": 0.006351904790177766,
    "F3_real_rate_fx_commodity": -0.035213375709413255,
    "F3_real_rate_global_equity": -0.08705517527640037,
    "F3_real_rate_kr_equity": 0.09145220974676911,
    "F4_term_premium_bond": 0.1448888617360861,
    "F4_term_premium_cash_mmf": -0.036745328566680675,
    "F4_term_premium_fx_commodity": -0.077839691718815,
    "F4_term_premium_global_equity": 0.06538113314465609,
    "F4_term_premium_kr_equity": 0.013171439904082271,
    "F5_credit_cycle_bond": 0.06585569259863908,
    "F5_credit_cycle_cash_mmf": 0.2,
    "F5_credit_cycle_fx_commodity": -0.0060589619826460755,
    "F5_credit_cycle_global_equity": 0.0020200893206231848,
    "F5_credit_cycle_kr_equity": -0.10987114969479216,
    "F6_krw_regime_bond": 0.09759754880717297,
    "F6_krw_regime_cash_mmf": 0.09829658227579847,
    "F6_krw_regime_fx_commodity": 0.056209080831741816,
    "F6_krw_regime_global_equity": 0.10382451629012428,
    "F6_krw_regime_kr_equity": 0.033589056876214295,
    "F7_equity_vol_regime_bond": -0.0030306764568968393,
    "F7_equity_vol_regime_cash_mmf": 0.03519360410594809,
    "F7_equity_vol_regime_fx_commodity": 0.00461213269953299,
    "F7_equity_vol_regime_global_equity": -0.1829222866801045,
    "F7_equity_vol_regime_kr_equity": -0.0005823025778879654,
    "F8_valuation_bond": 0.04781930338176099,
    "F8_valuation_cash_mmf": 0.012858369426015696,
    "F8_valuation_fx_commodity": 0.09050823928196375,
    "F8_valuation_global_equity": -0.039597041393745175,
    "F8_valuation_kr_equity": -0.0841796891861676,
    "F9_liquidity_regime_bond": 0.08568197338568256,
    "F9_liquidity_regime_cash_mmf": 0.06023081739794436,
    "F9_liquidity_regime_fx_commodity": -0.0056426630548391775,
    "F9_liquidity_regime_global_equity": -0.10619414158742183,
    "F9_liquidity_regime_kr_equity": -0.12038224661249641
  }
}