{
  "shrinkage": 2.0,
  "fold_idx": 5,
  "train_end_idx": 115,
  "test_start_idx": 115,
  "test_end_idx": 122,
  "in_sample_sharpe": 0.9014351303101846,
  "oos_sharpe": 4.239005604132461,
  "beta": {
    "F1_growth_bond": -0.04814239784364291,
    "F1_growth_cash_mmf": -0.01596912764682941,
    "F1_growth_fx_commodity": -0.04206045250709004,
    "F1_growth_global_equity": 0.06225360734772148,
    "F1_growth_kr_equity": 0.004623511863688153,
    "F2_inflation_bond": 0.00016789882999749137,
    "F2_inflation_cash_mmf": 0.07536819894590924,
    "F2_inflation_fx_commodity": 0.04942922274066414,
    "F2_inflation_global_equity": -0.036658455741587555,
    "F2_inflation_kr_equity": -0.12002211807451929,
    "F3_real_rate_bond": -0.08515207130435437,
    "F3_real_rate_cash_mmf": 0.10161259731761246,
    "F3_real_rate_fx_commodity": -0.02036194032638021,
    "F3_real_rate_global_equity": -0.07142389504723404,
    "F3_real_rate_kr_equity": 0.036937412946034316,
    "F4_term_premium_bond": 0.02518276023304112,
    "F4_term_premium_cash_mmf": -0.04522565930674246,
    "F4_term_premium_fx_commodity": -0.08428937948762805,
    "F4_term_premium_global_equity": 0.05298700584865459,
    "F4_term_premium_kr_equity": -0.00734896434096858,
    "F5_credit_cycle_bond": 0.019680464552804047,
    "F5_credit_cycle_cash_mmf": 0.19977142637355966,
    "F5_credit_cycle_fx_commodity": 0.009713540777912606,
    "F5_credit_cycle_global_equity": -0.018978180498137747,
    "F5_credit_cycle_kr_equity": -0.09951598930499296,
    "F6_krw_regime_bond": 0.09759986904023532,
    "F6_krw_regime_cash_mmf": 0.09759023806532344,
    "F6_krw_regime_fx_commodity": 0.03803025321858208,
    "F6_krw_regime_global_equity": 0.09760389109415302,
    "F6_krw_regime_kr_equity": -0.023041101451260333,
    "F7_equity_vol_regime_bond": -0.01904464372824731,
    "F7_equity_vol_regime_cash_mmf": 0.022783136997531695,
    "F7_equity_vol_regime_fx_commodity": -0.007957998264494491,
    "F7_equity_vol_regime_global_equity": -0.08984118221693052,
    "F7_equity_vol_regime_kr_equity": 0.0009477646551412816,
    "F8_valuation_bond": 0.0402472113209153,
    "F8_valuation_cash_mmf": 0.016942166050477672,
    "F8_valuation_fx_commodity": 0.02126831709169737,
    "F8_valuation_global_equity": -0.034019874647029325,
    "F8_valuation_kr_equity": -0.05931913711273009,
    "F9_liquidity_regime_bond": 0.06091429332054215,
    "F9_liquidity_regime_cash_mmf": 0.053691676238456616,
    "F9_liquidity_regime_fx_commodity": -0.018196776065121028,
    "F9_liquidity_regime_global_equity": -0.07385405448469297,
    "F9_liquidity_regime_kr_equity": -0.0657541029128798
  }
}