{
  "shrinkage": 0.3,
  "fold_idx": 6,
  "train_end_idx": 122,
  "test_start_idx": 122,
  "test_end_idx": 129,
  "in_sample_sharpe": 1.1840619472696812,
  "oos_sharpe": 0.7310854827638477,
  "beta": {
    "F1_growth_bond": -0.011575793856649396,
    "F1_growth_cash_mmf": -0.0031128963826110136,
    "F1_growth_fx_commodity": -0.19128977440586056,
    "F1_growth_global_equity": 0.04377726931934646,
    "F1_growth_kr_equity": 0.03342160432786036,
    "F2_inflation_bond": 0.000327058980176751,
    "F2_inflation_cash_mmf": 0.17083092443092987,
    "F2_inflation_fx_commodity": 0.0340951869949811,
    "F2_inflation_global_equity": -0.10346763583298857,
    "F2_inflation_kr_equity": -0.14357475224132765,
    "F3_real_rate_bond": -0.002026244018194238,
    "F3_real_rate_cash_mmf": 0.102545370514991,
    "F3_real_rate_fx_commodity": -0.018697185867035154,
    "F3_real_rate_global_equity": -0.0880677726577669,
    "F3_real_rate_kr_equity": 0.10405330140395562,
    "F4_term_premium_bond": 0.028098376619373165,
    "F4_term_premium_cash_mmf": -0.03289719602851612,
    "F4_term_premium_fx_commodity": -0.0842447735939796,
    "F4_term_premium_global_equity": 0.1182158788890976,
    "F4_term_premium_kr_equity": 0.005574393083955025,
    "F5_credit_cycle_bond": 0.2,
    "F5_credit_cycle_cash_mmf": 0.2,
    "F5_credit_cycle_fx_commodity": -0.0005008632842004394,
    "F5_credit_cycle_global_equity": 0.00031478692533660205,
    "F5_credit_cycle_kr_equity": -0.06369729557356037,
    "F6_krw_regime_bond": 0.09750613214884364,
    "F6_krw_regime_cash_mmf": 0.10807992055691684,
    "F6_krw_regime_fx_commodity": 0.07491049121432156,
    "F6_krw_regime_global_equity": 0.12166756414371227,
    "F6_krw_regime_kr_equity": 0.046899172160469085,
    "F7_equity_vol_regime_bond": -0.1924566414287556,
    "F7_equity_vol_regime_cash_mmf": -0.0007929701150820923,
    "F7_equity_vol_regime_fx_commodity": 0.0801466492664858,
    "F7_equity_vol_regime_global_equity": -0.17741223969682757,
    "F7_equity_vol_regime_kr_equity": -0.007096985816377685,
    "F8_valuation_bond": -0.037835113941369757,
    "F8_valuation_cash_mmf": -0.04022430758954979,
    "F8_valuation_fx_commodity": 0.15160968326040467,
    "F8_valuation_global_equity": -0.00462129941322869,
    "F8_valuation_kr_equity": -0.09831029934899578,
    "F9_liquidity_regime_bond": 0.1216155395538694,
    "F9_liquidity_regime_cash_mmf": 0.048700864418924086,
    "F9_liquidity_regime_fx_commodity": 0.00265788753690229,
    "F9_liquidity_regime_global_equity": -0.14135290748645354,
    "F9_liquidity_regime_kr_equity": -0.15588642374204684
  }
}