{
  "shrinkage": 0.5,
  "fold_idx": 5,
  "train_end_idx": 115,
  "test_start_idx": 115,
  "test_end_idx": 122,
  "in_sample_sharpe": 1.1202906736624152,
  "oos_sharpe": 1.9925594140361607,
  "beta": {
    "F1_growth_bond": 0.0009072990922758338,
    "F1_growth_cash_mmf": -0.0027365319422234216,
    "F1_growth_fx_commodity": -0.16571305421791221,
    "F1_growth_global_equity": 0.04803176033948749,
    "F1_growth_kr_equity": -0.00010734342871538096,
    "F2_inflation_bond": -0.0024688812538247386,
    "F2_inflation_cash_mmf": 0.16873377609456658,
    "F2_inflation_fx_commodity": 0.03936298160695783,
    "F2_inflation_global_equity": -0.055892987642133754,
    "F2_inflation_kr_equity": -0.08767942430121876,
    "F3_real_rate_bond": -0.12032470382654196,
    "F3_real_rate_cash_mmf": 0.034208336472710335,
    "F3_real_rate_fx_commodity": -0.001779617608342792,
    "F3_real_rate_global_equity": -0.07433655857381928,
    "F3_real_rate_kr_equity": 0.05976492339811544,
    "F4_term_premium_bond": 0.14562628132623798,
    "F4_term_premium_cash_mmf": -0.025014903813505712,
    "F4_term_premium_fx_commodity": -0.06799541830992356,
    "F4_term_premium_global_equity": 0.11129529262569801,
    "F4_term_premium_kr_equity": 0.03130274155866347,
    "F5_credit_cycle_bond": 0.15923555676464182,
    "F5_credit_cycle_cash_mmf": 0.2,
    "F5_credit_cycle_fx_commodity": 0.08533385639643552,
    "F5_credit_cycle_global_equity": 0.0018183171177129107,
    "F5_credit_cycle_kr_equity": -0.026804611516646714,
    "F6_krw_regime_bond": 0.10220119764267886,
    "F6_krw_regime_cash_mmf": 0.10091238544598516,
    "F6_krw_regime_fx_commodity": 0.08002578366329573,
    "F6_krw_regime_global_equity": 0.09870238765780699,
    "F6_krw_regime_kr_equity": 0.06323922091562842,
    "F7_equity_vol_regime_bond": -0.07859671257913488,
    "F7_equity_vol_regime_cash_mmf": -0.00039353232385814455,
    "F7_equity_vol_regime_fx_commodity": 0.019160109299240616,
    "F7_equity_vol_regime_global_equity": -0.18329806148384456,
    "F7_equity_vol_regime_kr_equity": -0.0016748746050072546,
    "F8_valuation_bond": 0.006684748241202499,
    "F8_valuation_cash_mmf": -0.023748023014250372,
    "F8_valuation_fx_commodity": 0.08278219075189601,
    "F8_valuation_global_equity": 0.00016373268305198282,
    "F8_valuation_kr_equity": -0.09691006625303022,
    "F9_liquidity_regime_bond": 0.10848588386879486,
    "F9_liquidity_regime_cash_mmf": 0.05010938709767937,
    "F9_liquidity_regime_fx_commodity": -0.014578468121105114,
    "F9_liquidity_regime_global_equity": -0.11305939085671209,
    "F9_liquidity_regime_kr_equity": -0.143111701239235
  }
}