{
  "shrinkage": 0.1,
  "fold_idx": 5,
  "train_end_idx": 115,
  "test_start_idx": 115,
  "test_end_idx": 122,
  "in_sample_sharpe": 1.2405466802008867,
  "oos_sharpe": 2.0492451726557968,
  "beta": {
    "F1_growth_bond": 0.0016869210409062264,
    "F1_growth_cash_mmf": -0.004031014073273055,
    "F1_growth_fx_commodity": -0.1911466777830263,
    "F1_growth_global_equity": 0.06702027955635396,
    "F1_growth_kr_equity": -0.0021389905464520437,
    "F2_inflation_bond": -0.006478815816055477,
    "F2_inflation_cash_mmf": 0.1968753656615476,
    "F2_inflation_fx_commodity": 0.0167214955199884,
    "F2_inflation_global_equity": -0.10782793512795215,
    "F2_inflation_kr_equity": -0.09910445591471184,
    "F3_real_rate_bond": -0.10312692821063624,
    "F3_real_rate_cash_mmf": -0.003339209333594492,
    "F3_real_rate_fx_commodity": -0.0312626614405777,
    "F3_real_rate_global_equity": -0.1393278623707764,
    "F3_real_rate_kr_equity": 0.08928423340045037,
    "F4_term_premium_bond": 0.14651935380237355,
    "F4_term_premium_cash_mmf": -0.007624872535287556,
    "F4_term_premium_fx_commodity": -0.034502085141775676,
    "F4_term_premium_global_equity": 0.11489611237052381,
    "F4_term_premium_kr_equity": 0.04492383247897642,
    "F5_credit_cycle_bond": 0.19388429735255303,
    "F5_credit_cycle_cash_mmf": 0.2,
    "F5_credit_cycle_fx_commodity": 0.16329247372946476,
    "F5_credit_cycle_global_equity": 0.00014782373443828303,
    "F5_credit_cycle_kr_equity": -0.0016783798622456976,
    "F6_krw_regime_bond": 0.09757577972535211,
    "F6_krw_regime_cash_mmf": 0.18737624401002892,
    "F6_krw_regime_fx_commodity": 0.09548486717338313,
    "F6_krw_regime_global_equity": 0.10229167840938354,
    "F6_krw_regime_kr_equity": 0.07626217239758885,
    "F7_equity_vol_regime_bond": -0.2,
    "F7_equity_vol_regime_cash_mmf": 0.011530857616434811,
    "F7_equity_vol_regime_fx_commodity": 0.012567100133155106,
    "F7_equity_vol_regime_global_equity": -0.19893252901708106,
    "F7_equity_vol_regime_kr_equity": -0.0021931390310125525,
    "F8_valuation_bond": -0.022106038672000394,
    "F8_valuation_cash_mmf": -0.067790247135318,
    "F8_valuation_fx_commodity": 0.2,
    "F8_valuation_global_equity": -0.01710980317151764,
    "F8_valuation_kr_equity": -0.2,
    "F9_liquidity_regime_bond": 0.19935277283562014,
    "F9_liquidity_regime_cash_mmf": 0.07616751416575625,
    "F9_liquidity_regime_fx_commodity": -0.041042189352666576,
    "F9_liquidity_regime_global_equity": -0.2,
    "F9_liquidity_regime_kr_equity": -0.19951358764536287
  }
}