{
  "shrinkage": 2.0,
  "fold_idx": 0,
  "train_end_idx": 80,
  "test_start_idx": 80,
  "test_end_idx": 87,
  "in_sample_sharpe": 1.089452228119179,
  "oos_sharpe": 0.8955995574742974,
  "beta": {
    "F1_growth_bond": -0.07394284809789901,
    "F1_growth_cash_mmf": -0.030626254668404414,
    "F1_growth_fx_commodity": 0.0065316224545882975,
    "F1_growth_global_equity": 0.06325498860469744,
    "F1_growth_kr_equity": 0.039290465645669015,
    "F2_inflation_bond": -0.0016371742941962456,
    "F2_inflation_cash_mmf": 0.07345484206702135,
    "F2_inflation_fx_commodity": 0.024220745144356008,
    "F2_inflation_global_equity": -0.025735098267652225,
    "F2_inflation_kr_equity": -0.10625618178933176,
    "F3_real_rate_bond": -0.09136638661780519,
    "F3_real_rate_cash_mmf": 0.09946074433075919,
    "F3_real_rate_fx_commodity": -0.02505187902867064,
    "F3_real_rate_global_equity": -0.0731603407219515,
    "F3_real_rate_kr_equity": 0.058004594960699554,
    "F4_term_premium_bond": 0.13319241361827464,
    "F4_term_premium_cash_mmf": -0.02782224928031806,
    "F4_term_premium_fx_commodity": -0.07860245946819154,
    "F4_term_premium_global_equity": 0.055473787651782694,
    "F4_term_premium_kr_equity": 0.020679884263461124,
    "F5_credit_cycle_bond": 0.0385084306987623,
    "F5_credit_cycle_cash_mmf": 0.2,
    "F5_credit_cycle_fx_commodity": -0.010915374069840694,
    "F5_credit_cycle_global_equity": 0.0008393074935902176,
    "F5_credit_cycle_kr_equity": -0.10748379474548725,
    "F6_krw_regime_bond": 0.09768066525062981,
    "F6_krw_regime_cash_mmf": 0.09759513906888831,
    "F6_krw_regime_fx_commodity": 0.05025431473595489,
    "F6_krw_regime_global_equity": 0.09762750771535557,
    "F6_krw_regime_kr_equity": 0.003648346657071882,
    "F7_equity_vol_regime_bond": 0.008895674278533933,
    "F7_equity_vol_regime_cash_mmf": 0.048927338104804416,
    "F7_equity_vol_regime_fx_commodity": -0.006199561348403177,
    "F7_equity_vol_regime_global_equity": -0.11651119571176992,
    "F7_equity_vol_regime_kr_equity": 0.0007022834307817716,
    "F8_valuation_bond": 0.04441330067415316,
    "F8_valuation_cash_mmf": 0.01761314735517072,
    "F8_valuation_fx_commodity": 0.041347628820176584,
    "F8_valuation_global_equity": -0.04451741611989359,
    "F8_valuation_kr_equity": -0.05782962833302585,
    "F9_liquidity_regime_bond": 0.06612493388761938,
    "F9_liquidity_regime_cash_mmf": 0.05857041082820365,
    "F9_liquidity_regime_fx_commodity": -0.011285262199143078,
    "F9_liquidity_regime_global_equity": -0.07997432218363386,
    "F9_liquidity_regime_kr_equity": -0.07823852503674388
  }
}