{
  "shrinkage": 0.5,
  "fold_idx": 0,
  "train_end_idx": 80,
  "test_start_idx": 80,
  "test_end_idx": 87,
  "in_sample_sharpe": 1.2994546005005019,
  "oos_sharpe": 0.8031269760455004,
  "beta": {
    "F1_growth_bond": -0.07649511277030774,
    "F1_growth_cash_mmf": -0.046849994480566814,
    "F1_growth_fx_commodity": -0.009224422312013236,
    "F1_growth_global_equity": 0.06610597762032917,
    "F1_growth_kr_equity": 0.035170881269167516,
    "F2_inflation_bond": 0.002315716378478488,
    "F2_inflation_cash_mmf": 0.13489217112478993,
    "F2_inflation_fx_commodity": -0.0004115025120067705,
    "F2_inflation_global_equity": 0.029314921953936063,
    "F2_inflation_kr_equity": -0.13173046764425891,
    "F3_real_rate_bond": -0.13473895924956206,
    "F3_real_rate_cash_mmf": -0.0034013648962646016,
    "F3_real_rate_fx_commodity": -0.05889365898437203,
    "F3_real_rate_global_equity": -0.08120214808022139,
    "F3_real_rate_kr_equity": 0.09643919822614239,
    "F4_term_premium_bond": 0.14332083668235907,
    "F4_term_premium_cash_mmf": -0.01939039131114666,
    "F4_term_premium_fx_commodity": -0.03702898368224233,
    "F4_term_premium_global_equity": 0.09423379179020865,
    "F4_term_premium_kr_equity": 0.010572018031093035,
    "F5_credit_cycle_bond": 0.1067795109230249,
    "F5_credit_cycle_cash_mmf": 0.2,
    "F5_credit_cycle_fx_commodity": -0.010146488887019934,
    "F5_credit_cycle_global_equity": 0.0003517042897903306,
    "F5_credit_cycle_kr_equity": -0.08814285155497101,
    "F6_krw_regime_bond": 0.13004348311106664,
    "F6_krw_regime_cash_mmf": 0.0995111449978983,
    "F6_krw_regime_fx_commodity": 0.06806172095084075,
    "F6_krw_regime_global_equity": 0.12646628393940063,
    "F6_krw_regime_kr_equity": 0.06383439390846467,
    "F7_equity_vol_regime_bond": -0.05967652484133476,
    "F7_equity_vol_regime_cash_mmf": -3.3145498221872214e-05,
    "F7_equity_vol_regime_fx_commodity": 0.0011794728172240334,
    "F7_equity_vol_regime_global_equity": -0.2,
    "F7_equity_vol_regime_kr_equity": -0.01708051678681623,
    "F8_valuation_bond": 0.04260366954766257,
    "F8_valuation_cash_mmf": 0.0002535151208896408,
    "F8_valuation_fx_commodity": 0.1526244524361932,
    "F8_valuation_global_equity": -0.04876776710428371,
    "F8_valuation_kr_equity": -0.12673872926089155,
    "F9_liquidity_regime_bond": 0.11611246938061894,
    "F9_liquidity_regime_cash_mmf": 0.06118239911114803,
    "F9_liquidity_regime_fx_commodity": -0.015926010972876208,
    "F9_liquidity_regime_global_equity": -0.13106258254179726,
    "F9_liquidity_regime_kr_equity": -0.17310506961989497
  }
}