{
  "shrinkage": 0.3,
  "fold_idx": 2,
  "train_end_idx": 94,
  "test_start_idx": 94,
  "test_end_idx": 101,
  "in_sample_sharpe": 1.288363913333392,
  "oos_sharpe": 0.7697064534287584,
  "beta": {
    "F1_growth_bond": -0.11825431967296399,
    "F1_growth_cash_mmf": -0.04722613924958966,
    "F1_growth_fx_commodity": -0.08752860137231801,
    "F1_growth_global_equity": 0.09660179261194703,
    "F1_growth_kr_equity": 0.023429836623026966,
    "F2_inflation_bond": 0.0015092294262026877,
    "F2_inflation_cash_mmf": 0.165773238790002,
    "F2_inflation_fx_commodity": 0.0016034918147338384,
    "F2_inflation_global_equity": -0.06428469033566378,
    "F2_inflation_kr_equity": -0.13964306001855836,
    "F3_real_rate_bond": -0.12244231444338032,
    "F3_real_rate_cash_mmf": 0.06820083635343267,
    "F3_real_rate_fx_commodity": 0.0019132294500895219,
    "F3_real_rate_global_equity": -0.08542229060710485,
    "F3_real_rate_kr_equity": 0.10923434713346385,
    "F4_term_premium_bond": 0.14486286371170737,
    "F4_term_premium_cash_mmf": -0.023952326775917864,
    "F4_term_premium_fx_commodity": -0.08063869385628263,
    "F4_term_premium_global_equity": 0.10767660000930838,
    "F4_term_premium_kr_equity": 0.010077946320339178,
    "F5_credit_cycle_bond": 0.15817626156159018,
    "F5_credit_cycle_cash_mmf": 0.2,
    "F5_credit_cycle_fx_commodity": 0.037162074373939855,
    "F5_credit_cycle_global_equity": -0.0001712228873960971,
    "F5_credit_cycle_kr_equity": -0.03408633935418953,
    "F6_krw_regime_bond": 0.16778164808081922,
    "F6_krw_regime_cash_mmf": 0.1313502111906378,
    "F6_krw_regime_fx_commodity": 0.09964679179950992,
    "F6_krw_regime_global_equity": 0.09962292834525849,
    "F6_krw_regime_kr_equity": 0.06975321886439875,
    "F7_equity_vol_regime_bond": -0.08841795252143057,
    "F7_equity_vol_regime_cash_mmf": 0.0019225280595474995,
    "F7_equity_vol_regime_fx_commodity": -0.022824919736724715,
    "F7_equity_vol_regime_global_equity": -0.2,
    "F7_equity_vol_regime_kr_equity": -0.029654783538442593,
    "F8_valuation_bond": 0.01509086921502448,
    "F8_valuation_cash_mmf": -0.022519995768821577,
    "F8_valuation_fx_commodity": 0.0805628447419589,
    "F8_valuation_global_equity": -0.000539472823347884,
    "F8_valuation_kr_equity": -0.14797845109701946,
    "F9_liquidity_regime_bond": 0.15357859350171957,
    "F9_liquidity_regime_cash_mmf": 0.0669479488857891,
    "F9_liquidity_regime_fx_commodity": 0.031580328330590296,
    "F9_liquidity_regime_global_equity": -0.1796419388189339,
    "F9_liquidity_regime_kr_equity": -0.2
  }
}