{
  "shrinkage": 0.1,
  "fold_idx": 6,
  "train_end_idx": 122,
  "test_start_idx": 122,
  "test_end_idx": 129,
  "in_sample_sharpe": 1.2287465394018589,
  "oos_sharpe": 0.6061634990487335,
  "beta": {
    "F1_growth_bond": -0.002640877686839865,
    "F1_growth_cash_mmf": -0.0016529223489309562,
    "F1_growth_fx_commodity": -0.17277190781534865,
    "F1_growth_global_equity": 0.10412676287987101,
    "F1_growth_kr_equity": 0.034480801084554674,
    "F2_inflation_bond": -0.0006648374865704445,
    "F2_inflation_cash_mmf": 0.19342458046541874,
    "F2_inflation_fx_commodity": -0.00172729187451055,
    "F2_inflation_global_equity": -0.1418330446983147,
    "F2_inflation_kr_equity": -0.1604489781761627,
    "F3_real_rate_bond": -0.04725480026419998,
    "F3_real_rate_cash_mmf": 0.10691291535004979,
    "F3_real_rate_fx_commodity": -0.025973117008200583,
    "F3_real_rate_global_equity": -0.1473931544006274,
    "F3_real_rate_kr_equity": 0.10408093315906773,
    "F4_term_premium_bond": 0.13939282475826062,
    "F4_term_premium_cash_mmf": -0.047167930897068194,
    "F4_term_premium_fx_commodity": -0.08327006513201472,
    "F4_term_premium_global_equity": 0.14421333760106853,
    "F4_term_premium_kr_equity": 0.01337647121074127,
    "F5_credit_cycle_bond": 0.10939102906007825,
    "F5_credit_cycle_cash_mmf": 0.2,
    "F5_credit_cycle_fx_commodity": 0.038052188804465016,
    "F5_credit_cycle_global_equity": -0.03730722694776533,
    "F5_credit_cycle_kr_equity": -0.037272719093622,
    "F6_krw_regime_bond": 0.18164138830641888,
    "F6_krw_regime_cash_mmf": 0.13646833537670963,
    "F6_krw_regime_fx_commodity": 0.095194651597657,
    "F6_krw_regime_global_equity": 0.17037208798827874,
    "F6_krw_regime_kr_equity": 0.06919605076301562,
    "F7_equity_vol_regime_bond": -0.2,
    "F7_equity_vol_regime_cash_mmf": 0.00018575322322698405,
    "F7_equity_vol_regime_fx_commodity": 0.1668420100115496,
    "F7_equity_vol_regime_global_equity": -0.18600833120171148,
    "F7_equity_vol_regime_kr_equity": -0.0014026947216515295,
    "F8_valuation_bond": -0.10409338188932493,
    "F8_valuation_cash_mmf": -0.06470083722502044,
    "F8_valuation_fx_commodity": 0.2,
    "F8_valuation_global_equity": 0.0022652945654296638,
    "F8_valuation_kr_equity": -0.168813490479383,
    "F9_liquidity_regime_bond": 0.16252325479061627,
    "F9_liquidity_regime_cash_mmf": 0.05097021204271973,
    "F9_liquidity_regime_fx_commodity": 0.012108022815202844,
    "F9_liquidity_regime_global_equity": -0.1932473623156258,
    "F9_liquidity_regime_kr_equity": -0.2
  }
}