{
  "shrinkage": 0.1,
  "fold_idx": 2,
  "train_end_idx": 94,
  "test_start_idx": 94,
  "test_end_idx": 101,
  "in_sample_sharpe": 1.308752452622057,
  "oos_sharpe": 0.6924290743003395,
  "beta": {
    "F1_growth_bond": -0.2,
    "F1_growth_cash_mmf": -0.11973199441665498,
    "F1_growth_fx_commodity": -0.1397649868044409,
    "F1_growth_global_equity": 0.08613316763006369,
    "F1_growth_kr_equity": 0.2,
    "F2_inflation_bond": -0.0009073140040448244,
    "F2_inflation_cash_mmf": 0.14595678818090116,
    "F2_inflation_fx_commodity": -0.001265638253838246,
    "F2_inflation_global_equity": -0.1142286941456918,
    "F2_inflation_kr_equity": -0.19990787562677195,
    "F3_real_rate_bond": -0.16545273395968646,
    "F3_real_rate_cash_mmf": -0.002593153891400455,
    "F3_real_rate_fx_commodity": -0.0014005401070214954,
    "F3_real_rate_global_equity": -0.2,
    "F3_real_rate_kr_equity": 0.16743066739599585,
    "F4_term_premium_bond": 0.1387985681147386,
    "F4_term_premium_cash_mmf": -0.03690655314463725,
    "F4_term_premium_fx_commodity": -0.08359638717526052,
    "F4_term_premium_global_equity": 0.09142854092641023,
    "F4_term_premium_kr_equity": -0.11949581416555573,
    "F5_credit_cycle_bond": 0.11051219935902463,
    "F5_credit_cycle_cash_mmf": 0.2,
    "F5_credit_cycle_fx_commodity": 0.06129782198258326,
    "F5_credit_cycle_global_equity": -0.00023165108740158053,
    "F5_credit_cycle_kr_equity": 0.0022649045970368816,
    "F6_krw_regime_bond": 0.19999282907845262,
    "F6_krw_regime_cash_mmf": 0.16779638928309912,
    "F6_krw_regime_fx_commodity": 0.09544684992700793,
    "F6_krw_regime_global_equity": 0.15242718283432544,
    "F6_krw_regime_kr_equity": 0.06855581457586682,
    "F7_equity_vol_regime_bond": -0.0799181709242828,
    "F7_equity_vol_regime_cash_mmf": 0.001431296981016814,
    "F7_equity_vol_regime_fx_commodity": 0.05306673897793751,
    "F7_equity_vol_regime_global_equity": -0.2,
    "F7_equity_vol_regime_kr_equity": -0.0008240257107176268,
    "F8_valuation_bond": -0.026838462258418763,
    "F8_valuation_cash_mmf": -0.035907579719603615,
    "F8_valuation_fx_commodity": 0.1978439710845659,
    "F8_valuation_global_equity": 0.0018930515803834127,
    "F8_valuation_kr_equity": -0.2,
    "F9_liquidity_regime_bond": 0.2,
    "F9_liquidity_regime_cash_mmf": 0.08603852293982799,
    "F9_liquidity_regime_fx_commodity": -0.010334132607603765,
    "F9_liquidity_regime_global_equity": -0.19643899987466185,
    "F9_liquidity_regime_kr_equity": -0.2
  }
}