{
  "shrinkage": 2.0,
  "fold_idx": 3,
  "train_end_idx": 101,
  "test_start_idx": 101,
  "test_end_idx": 108,
  "in_sample_sharpe": 0.9995197605454659,
  "oos_sharpe": 0.7221018841421897,
  "beta": {
    "F1_growth_bond": -0.07698006003941495,
    "F1_growth_cash_mmf": -0.03310494106290891,
    "F1_growth_fx_commodity": -0.03969578917484825,
    "F1_growth_global_equity": 0.06874120168052467,
    "F1_growth_kr_equity": 0.019691198983305555,
    "F2_inflation_bond": -0.0036646741489189394,
    "F2_inflation_cash_mmf": 0.07855196432129319,
    "F2_inflation_fx_commodity": 0.05016852280933528,
    "F2_inflation_global_equity": -0.037243127195160965,
    "F2_inflation_kr_equity": -0.12965441724364102,
    "F3_real_rate_bond": -0.08682895628740077,
    "F3_real_rate_cash_mmf": 0.10787889446144831,
    "F3_real_rate_fx_commodity": -0.021155307459004593,
    "F3_real_rate_global_equity": -0.07147666443348745,
    "F3_real_rate_kr_equity": 0.04118643947865023,
    "F4_term_premium_bond": 0.03838537076287912,
    "F4_term_premium_cash_mmf": -0.041006436610905965,
    "F4_term_premium_fx_commodity": -0.08429692238465196,
    "F4_term_premium_global_equity": 0.05244183461784821,
    "F4_term_premium_kr_equity": -0.008253632227409343,
    "F5_credit_cycle_bond": 0.04360451743594966,
    "F5_credit_cycle_cash_mmf": 0.2,
    "F5_credit_cycle_fx_commodity": -0.004360200691804467,
    "F5_credit_cycle_global_equity": -0.014441496962771942,
    "F5_credit_cycle_kr_equity": -0.11535508175058459,
    "F6_krw_regime_bond": 0.09763386581133261,
    "F6_krw_regime_cash_mmf": 0.09755434624351707,
    "F6_krw_regime_fx_commodity": 0.04263199596651071,
    "F6_krw_regime_global_equity": 0.0975898949562085,
    "F6_krw_regime_kr_equity": -0.030629281539933967,
    "F7_equity_vol_regime_bond": -0.004919973154076708,
    "F7_equity_vol_regime_cash_mmf": 0.03138875638606992,
    "F7_equity_vol_regime_fx_commodity": -0.011075768844185013,
    "F7_equity_vol_regime_global_equity": -0.09058839931964757,
    "F7_equity_vol_regime_kr_equity": 0.0010424167173309947,
    "F8_valuation_bond": 0.043701704371956376,
    "F8_valuation_cash_mmf": 0.017150914411384065,
    "F8_valuation_fx_commodity": 0.017246867724977133,
    "F8_valuation_global_equity": -0.03567152407246587,
    "F8_valuation_kr_equity": -0.062258873575313546,
    "F9_liquidity_regime_bond": 0.06592181874094226,
    "F9_liquidity_regime_cash_mmf": 0.05749506932236412,
    "F9_liquidity_regime_fx_commodity": -0.010968410764654378,
    "F9_liquidity_regime_global_equity": -0.07616324657314835,
    "F9_liquidity_regime_kr_equity": -0.07228820149871183
  }
}