{
  "shrinkage": 2.0,
  "fold_idx": 6,
  "train_end_idx": 122,
  "test_start_idx": 122,
  "test_end_idx": 129,
  "in_sample_sharpe": 0.9778844970658962,
  "oos_sharpe": 0.5597624482589655,
  "beta": {
    "F1_growth_bond": -0.05655636995861739,
    "F1_growth_cash_mmf": -0.010710905784311905,
    "F1_growth_fx_commodity": -0.0346564299790531,
    "F1_growth_global_equity": 0.06676595708461583,
    "F1_growth_kr_equity": 0.019453809235280367,
    "F2_inflation_bond": -0.001276401046897694,
    "F2_inflation_cash_mmf": 0.0752781402175234,
    "F2_inflation_fx_commodity": 0.05361597917759463,
    "F2_inflation_global_equity": -0.03711989533666527,
    "F2_inflation_kr_equity": -0.11907798179617292,
    "F3_real_rate_bond": -0.048767519243428,
    "F3_real_rate_cash_mmf": 0.10618243109705962,
    "F3_real_rate_fx_commodity": -0.027867926858780527,
    "F3_real_rate_global_equity": -0.07470351195556608,
    "F3_real_rate_kr_equity": 0.02493450880633662,
    "F4_term_premium_bond": 0.023954544428262156,
    "F4_term_premium_cash_mmf": -0.046925173499069446,
    "F4_term_premium_fx_commodity": -0.08430249907738474,
    "F4_term_premium_global_equity": 0.05483301179008341,
    "F4_term_premium_kr_equity": -0.006877633673724677,
    "F5_credit_cycle_bond": 0.026188887215912494,
    "F5_credit_cycle_cash_mmf": 0.19917518467441658,
    "F5_credit_cycle_fx_commodity": 0.007194639851298878,
    "F5_credit_cycle_global_equity": -0.021950433842450053,
    "F5_credit_cycle_kr_equity": -0.09977367015839946,
    "F6_krw_regime_bond": 0.09760595714755013,
    "F6_krw_regime_cash_mmf": 0.09757928197479608,
    "F6_krw_regime_fx_commodity": 0.03903872699334919,
    "F6_krw_regime_global_equity": 0.09761772693956894,
    "F6_krw_regime_kr_equity": -0.03400729263743527,
    "F7_equity_vol_regime_bond": -0.031391877883017956,
    "F7_equity_vol_regime_cash_mmf": 0.012450266386291549,
    "F7_equity_vol_regime_fx_commodity": 0.0027036374623935905,
    "F7_equity_vol_regime_global_equity": -0.08634703019892974,
    "F7_equity_vol_regime_kr_equity": 0.0012971227390972198,
    "F8_valuation_bond": 0.03260158244498424,
    "F8_valuation_cash_mmf": 0.014128759774115993,
    "F8_valuation_fx_commodity": 0.023740475455042643,
    "F8_valuation_global_equity": -0.030591876014426617,
    "F8_valuation_kr_equity": -0.05841564964292213,
    "F9_liquidity_regime_bond": 0.05296918005991491,
    "F9_liquidity_regime_cash_mmf": 0.05035615938562436,
    "F9_liquidity_regime_fx_commodity": -0.009008636618180965,
    "F9_liquidity_regime_global_equity": -0.06904896125154954,
    "F9_liquidity_regime_kr_equity": -0.051771100356187344
  }
}