{
  "shrinkage": 0.3,
  "fold_idx": 3,
  "train_end_idx": 101,
  "test_start_idx": 101,
  "test_end_idx": 108,
  "in_sample_sharpe": 1.2979893888582255,
  "oos_sharpe": 0.7290120693701618,
  "beta": {
    "F1_growth_bond": -0.10087311722239041,
    "F1_growth_cash_mmf": -0.052352340257740944,
    "F1_growth_fx_commodity": -0.0726861061580695,
    "F1_growth_global_equity": 0.07190302194834602,
    "F1_growth_kr_equity": 0.0012336508892959765,
    "F2_inflation_bond": 0.001148819961896958,
    "F2_inflation_cash_mmf": 0.18401936219997264,
    "F2_inflation_fx_commodity": 0.0010388285720320295,
    "F2_inflation_global_equity": -0.07305550449761895,
    "F2_inflation_kr_equity": -0.15547752735151718,
    "F3_real_rate_bond": -0.13443403006866986,
    "F3_real_rate_cash_mmf": 0.0032683865847487324,
    "F3_real_rate_fx_commodity": 0.01592606325374994,
    "F3_real_rate_global_equity": -0.09896191679856867,
    "F3_real_rate_kr_equity": 0.09869684424370138,
    "F4_term_premium_bond": 0.14687055162727133,
    "F4_term_premium_cash_mmf": -0.025374988315881475,
    "F4_term_premium_fx_commodity": -0.0783402045860765,
    "F4_term_premium_global_equity": 0.11083871984537752,
    "F4_term_premium_kr_equity": 0.006692957778754136,
    "F5_credit_cycle_bond": 0.1882723039339228,
    "F5_credit_cycle_cash_mmf": 0.2,
    "F5_credit_cycle_fx_commodity": 0.08529949526000685,
    "F5_credit_cycle_global_equity": -0.0016174992428192251,
    "F5_credit_cycle_kr_equity": 0.0023693397010456645,
    "F6_krw_regime_bond": 0.19156721960439382,
    "F6_krw_regime_cash_mmf": 0.15422333447093228,
    "F6_krw_regime_fx_commodity": 0.10838290964251715,
    "F6_krw_regime_global_equity": 0.12426285382866496,
    "F6_krw_regime_kr_equity": 0.06882067752702023,
    "F7_equity_vol_regime_bond": -0.07085290535185612,
    "F7_equity_vol_regime_cash_mmf": 0.00026369270442655403,
    "F7_equity_vol_regime_fx_commodity": -0.03883875981405778,
    "F7_equity_vol_regime_global_equity": -0.198795416274918,
    "F7_equity_vol_regime_kr_equity": -0.015415820549229124,
    "F8_valuation_bond": 0.015248555792657228,
    "F8_valuation_cash_mmf": -0.025806664050210183,
    "F8_valuation_fx_commodity": 0.09105534836877409,
    "F8_valuation_global_equity": 9.627117417452041e-05,
    "F8_valuation_kr_equity": -0.16890803143398986,
    "F9_liquidity_regime_bond": 0.15792338773613254,
    "F9_liquidity_regime_cash_mmf": 0.062087969507187424,
    "F9_liquidity_regime_fx_commodity": 0.03701203122496134,
    "F9_liquidity_regime_global_equity": -0.15916027889603873,
    "F9_liquidity_regime_kr_equity": -0.2
  }
}