{
  "shrinkage": 1.0,
  "fold_idx": 5,
  "train_end_idx": 115,
  "test_start_idx": 115,
  "test_end_idx": 122,
  "in_sample_sharpe": 1.0152101959240523,
  "oos_sharpe": 2.9142033673033256,
  "beta": {
    "F1_growth_bond": -0.014458538986783818,
    "F1_growth_cash_mmf": -0.0053879594610351834,
    "F1_growth_fx_commodity": -0.07386408544078481,
    "F1_growth_global_equity": 0.05208625816574517,
    "F1_growth_kr_equity": -0.000679980619728549,
    "F2_inflation_bond": 0.00020672864884973419,
    "F2_inflation_cash_mmf": 0.11984221008647307,
    "F2_inflation_fx_commodity": 0.031066367957692288,
    "F2_inflation_global_equity": -0.05427284894808446,
    "F2_inflation_kr_equity": -0.13543794747028698,
    "F3_real_rate_bond": -0.10281137576721586,
    "F3_real_rate_cash_mmf": 0.0002474279743943824,
    "F3_real_rate_fx_commodity": -0.025375653651858995,
    "F3_real_rate_global_equity": -0.07640477036586088,
    "F3_real_rate_kr_equity": 0.04295836727913307,
    "F4_term_premium_bond": 0.015982046942357494,
    "F4_term_premium_cash_mmf": -0.04307771751785429,
    "F4_term_premium_fx_commodity": -0.08380891245771797,
    "F4_term_premium_global_equity": 0.05026313753870625,
    "F4_term_premium_kr_equity": -0.018998909066487237,
    "F5_credit_cycle_bond": 0.0832554250739504,
    "F5_credit_cycle_cash_mmf": 0.2,
    "F5_credit_cycle_fx_commodity": 0.012069503898631739,
    "F5_credit_cycle_global_equity": -0.004804372655934385,
    "F5_credit_cycle_kr_equity": -0.09664810701046557,
    "F6_krw_regime_bond": 0.09798256414980747,
    "F6_krw_regime_cash_mmf": 0.09738514706365957,
    "F6_krw_regime_fx_commodity": 0.03589727986603772,
    "F6_krw_regime_global_equity": 0.09871172322587421,
    "F6_krw_regime_kr_equity": -3.1781408785204566e-05,
    "F7_equity_vol_regime_bond": -0.07232089294177362,
    "F7_equity_vol_regime_cash_mmf": -0.0007355293724689669,
    "F7_equity_vol_regime_fx_commodity": 0.003726957372758375,
    "F7_equity_vol_regime_global_equity": -0.12101453975940873,
    "F7_equity_vol_regime_kr_equity": -0.0003060283748776751,
    "F8_valuation_bond": 0.03094544486658267,
    "F8_valuation_cash_mmf": 0.004720727812238263,
    "F8_valuation_fx_commodity": 0.047386973100036166,
    "F8_valuation_global_equity": -0.010087313097870131,
    "F8_valuation_kr_equity": -0.08249538565319439,
    "F9_liquidity_regime_bond": 0.08466271229752556,
    "F9_liquidity_regime_cash_mmf": 0.05179281006394264,
    "F9_liquidity_regime_fx_commodity": -0.02612248869786311,
    "F9_liquidity_regime_global_equity": -0.10154495631767546,
    "F9_liquidity_regime_kr_equity": -0.1031343816568027
  }
}