{
  "shrinkage": 1.0,
  "fold_idx": 1,
  "train_end_idx": 87,
  "test_start_idx": 87,
  "test_end_idx": 94,
  "in_sample_sharpe": 1.1489922347787969,
  "oos_sharpe": 1.2603475344205837,
  "beta": {
    "F1_growth_bond": -0.06485711328967395,
    "F1_growth_cash_mmf": -0.03560400496229228,
    "F1_growth_fx_commodity": -0.008260548901204466,
    "F1_growth_global_equity": 0.05346961390830366,
    "F1_growth_kr_equity": 0.022430997636567692,
    "F2_inflation_bond": 0.0009396354126687531,
    "F2_inflation_cash_mmf": 0.10181122687588001,
    "F2_inflation_fx_commodity": 0.005852380365337964,
    "F2_inflation_global_equity": -0.012620553592821125,
    "F2_inflation_kr_equity": -0.1366756302591728,
    "F3_real_rate_bond": -0.09910658961152666,
    "F3_real_rate_cash_mmf": 0.09838450481964293,
    "F3_real_rate_fx_commodity": -0.01647973491867095,
    "F3_real_rate_global_equity": -0.07731305280876558,
    "F3_real_rate_kr_equity": 0.09330169613693323,
    "F4_term_premium_bond": 0.14478344993275188,
    "F4_term_premium_cash_mmf": -0.039307382197312994,
    "F4_term_premium_fx_commodity": -0.07722910688314344,
    "F4_term_premium_global_equity": 0.059164541409186706,
    "F4_term_premium_kr_equity": 0.009675616026522577,
    "F5_credit_cycle_bond": 0.04897272333763422,
    "F5_credit_cycle_cash_mmf": 0.2,
    "F5_credit_cycle_fx_commodity": -0.010386652914363236,
    "F5_credit_cycle_global_equity": 0.0013747600861088187,
    "F5_credit_cycle_kr_equity": -0.10542453659255592,
    "F6_krw_regime_bond": 0.09759455073836074,
    "F6_krw_regime_cash_mmf": 0.09767495664358862,
    "F6_krw_regime_fx_commodity": 0.06615422555465425,
    "F6_krw_regime_global_equity": 0.09763006683669118,
    "F6_krw_regime_kr_equity": 0.02854764607989326,
    "F7_equity_vol_regime_bond": -0.02647629056578641,
    "F7_equity_vol_regime_cash_mmf": 0.011205200027546523,
    "F7_equity_vol_regime_fx_commodity": -0.018736615554533795,
    "F7_equity_vol_regime_global_equity": -0.14271698792767054,
    "F7_equity_vol_regime_kr_equity": -0.0036986286919112165,
    "F8_valuation_bond": 0.0513504729099832,
    "F8_valuation_cash_mmf": 0.011649737143446665,
    "F8_valuation_fx_commodity": 0.04086859355550382,
    "F8_valuation_global_equity": -0.032381488870592355,
    "F8_valuation_kr_equity": -0.08093671355395482,
    "F9_liquidity_regime_bond": 0.08600252515328456,
    "F9_liquidity_regime_cash_mmf": 0.05998975166559902,
    "F9_liquidity_regime_fx_commodity": -0.009967211251264029,
    "F9_liquidity_regime_global_equity": -0.09943663647368577,
    "F9_liquidity_regime_kr_equity": -0.11746265879228122
  }
}