{
  "shrinkage": 0.1,
  "fold_idx": 3,
  "train_end_idx": 101,
  "test_start_idx": 101,
  "test_end_idx": 108,
  "in_sample_sharpe": 1.3033699972494612,
  "oos_sharpe": 0.6768740341348873,
  "beta": {
    "F1_growth_bond": -0.14377181896834954,
    "F1_growth_cash_mmf": -0.07775100863294017,
    "F1_growth_fx_commodity": -0.17408204796760302,
    "F1_growth_global_equity": 0.08280871799574313,
    "F1_growth_kr_equity": 0.04488312940868702,
    "F2_inflation_bond": 0.0020216078282214783,
    "F2_inflation_cash_mmf": 0.1816616993173865,
    "F2_inflation_fx_commodity": 0.008412186392940606,
    "F2_inflation_global_equity": -0.08963546134729855,
    "F2_inflation_kr_equity": -0.07787991613203805,
    "F3_real_rate_bond": -0.13286797362966915,
    "F3_real_rate_cash_mmf": -0.004481732992570553,
    "F3_real_rate_fx_commodity": -0.007391518799426038,
    "F3_real_rate_global_equity": -0.182701512852423,
    "F3_real_rate_kr_equity": 0.11031835390504581,
    "F4_term_premium_bond": 0.1481874138939966,
    "F4_term_premium_cash_mmf": -0.013795793008483282,
    "F4_term_premium_fx_commodity": -0.05901046017489065,
    "F4_term_premium_global_equity": 0.1160528227773849,
    "F4_term_premium_kr_equity": -0.006202195040018481,
    "F5_credit_cycle_bond": 0.1692071935052746,
    "F5_credit_cycle_cash_mmf": 0.2,
    "F5_credit_cycle_fx_commodity": 0.10030225957914148,
    "F5_credit_cycle_global_equity": -0.007350092906250717,
    "F5_credit_cycle_kr_equity": 0.0027438803325830047,
    "F6_krw_regime_bond": 0.19196170124165976,
    "F6_krw_regime_cash_mmf": 0.17551468654951546,
    "F6_krw_regime_fx_commodity": 0.11189758284917091,
    "F6_krw_regime_global_equity": 0.10794960195425628,
    "F6_krw_regime_kr_equity": 0.06841499293155502,
    "F7_equity_vol_regime_bond": -0.17205902530677866,
    "F7_equity_vol_regime_cash_mmf": 0.008221843234733657,
    "F7_equity_vol_regime_fx_commodity": -0.054251036934606034,
    "F7_equity_vol_regime_global_equity": -0.2,
    "F7_equity_vol_regime_kr_equity": -0.007819758744119823,
    "F8_valuation_bond": -0.025779512897040918,
    "F8_valuation_cash_mmf": -0.029877572646263915,
    "F8_valuation_fx_commodity": 0.13571242038331272,
    "F8_valuation_global_equity": -0.004545873273434617,
    "F8_valuation_kr_equity": -0.2,
    "F9_liquidity_regime_bond": 0.2,
    "F9_liquidity_regime_cash_mmf": 0.07596001024566958,
    "F9_liquidity_regime_fx_commodity": 0.08243357353585028,
    "F9_liquidity_regime_global_equity": -0.2,
    "F9_liquidity_regime_kr_equity": -0.2
  }
}