{
  "shrinkage": 0.5,
  "fold_idx": 6,
  "train_end_idx": 122,
  "test_start_idx": 122,
  "test_end_idx": 129,
  "in_sample_sharpe": 1.140896198372639,
  "oos_sharpe": 0.5856266945178549,
  "beta": {
    "F1_growth_bond": -0.02014152509943707,
    "F1_growth_cash_mmf": -0.00024760506705901283,
    "F1_growth_fx_commodity": -0.1581961173133802,
    "F1_growth_global_equity": 0.05774839287114863,
    "F1_growth_kr_equity": 0.032954574749161476,
    "F2_inflation_bond": -0.0003434270916120118,
    "F2_inflation_cash_mmf": 0.1400539043262987,
    "F2_inflation_fx_commodity": 0.025362687549984896,
    "F2_inflation_global_equity": -0.07003086282726009,
    "F2_inflation_kr_equity": -0.1021604459485217,
    "F3_real_rate_bond": -0.026706439223699092,
    "F3_real_rate_cash_mmf": 0.10123765694217762,
    "F3_real_rate_fx_commodity": -0.016375681479065266,
    "F3_real_rate_global_equity": -0.08368870746873186,
    "F3_real_rate_kr_equity": 0.07669375644564781,
    "F4_term_premium_bond": 0.14450310744937,
    "F4_term_premium_cash_mmf": -0.035174165370462314,
    "F4_term_premium_fx_commodity": -0.0818868578295941,
    "F4_term_premium_global_equity": 0.14397048781283614,
    "F4_term_premium_kr_equity": 0.022993771231408548,
    "F5_credit_cycle_bond": 0.09771819690158798,
    "F5_credit_cycle_cash_mmf": 0.2,
    "F5_credit_cycle_fx_commodity": 0.03686958493571602,
    "F5_credit_cycle_global_equity": -0.031467150397594984,
    "F5_credit_cycle_kr_equity": -0.05126277118369485,
    "F6_krw_regime_bond": 0.09791908340927112,
    "F6_krw_regime_cash_mmf": 0.09825793375124431,
    "F6_krw_regime_fx_commodity": 0.07408349867140568,
    "F6_krw_regime_global_equity": 0.09941119762752923,
    "F6_krw_regime_kr_equity": 0.051910408300109644,
    "F7_equity_vol_regime_bond": -0.14906389708776235,
    "F7_equity_vol_regime_cash_mmf": 0.00014988947706498363,
    "F7_equity_vol_regime_fx_commodity": 0.02856832525656752,
    "F7_equity_vol_regime_global_equity": -0.13617806780080094,
    "F7_equity_vol_regime_kr_equity": 0.00026947284463664165,
    "F8_valuation_bond": -0.007340620936578833,
    "F8_valuation_cash_mmf": -0.016750320168574893,
    "F8_valuation_fx_commodity": 0.0933491636685,
    "F8_valuation_global_equity": -0.0005785117727492638,
    "F8_valuation_kr_equity": -0.062235061469123304,
    "F9_liquidity_regime_bond": 0.07589375083682717,
    "F9_liquidity_regime_cash_mmf": 0.04613757191724697,
    "F9_liquidity_regime_fx_commodity": 0.004604020802825728,
    "F9_liquidity_regime_global_equity": -0.08584183338526502,
    "F9_liquidity_regime_kr_equity": -0.08448326320153587
  }
}