{
  "shrinkage": 0.5,
  "fold_idx": 1,
  "train_end_idx": 87,
  "test_start_idx": 87,
  "test_end_idx": 94,
  "in_sample_sharpe": 1.2756787592499998,
  "oos_sharpe": 1.4002059806274358,
  "beta": {
    "F1_growth_bond": -0.060447806871347924,
    "F1_growth_cash_mmf": -0.04904895338431752,
    "F1_growth_fx_commodity": -0.016325499611657156,
    "F1_growth_global_equity": 0.04025194410053642,
    "F1_growth_kr_equity": 0.009835678455356248,
    "F2_inflation_bond": 0.001484994909286597,
    "F2_inflation_cash_mmf": 0.15195902547872137,
    "F2_inflation_fx_commodity": -0.00017789077272606217,
    "F2_inflation_global_equity": -0.0077677653950712555,
    "F2_inflation_kr_equity": -0.152109341607023,
    "F3_real_rate_bond": -0.13200974193505566,
    "F3_real_rate_cash_mmf": -0.0016714872790378958,
    "F3_real_rate_fx_commodity": -0.018929567371100988,
    "F3_real_rate_global_equity": -0.08729724446302717,
    "F3_real_rate_kr_equity": 0.09754432465440054,
    "F4_term_premium_bond": 0.14566681910953624,
    "F4_term_premium_cash_mmf": -0.017558287027528572,
    "F4_term_premium_fx_commodity": -0.08024248811313678,
    "F4_term_premium_global_equity": 0.10380114986904353,
    "F4_term_premium_kr_equity": 0.019698329499831045,
    "F5_credit_cycle_bond": 0.11139287315468396,
    "F5_credit_cycle_cash_mmf": 0.2,
    "F5_credit_cycle_fx_commodity": 0.030250190203636628,
    "F5_credit_cycle_global_equity": 0.0002668224377791385,
    "F5_credit_cycle_kr_equity": -0.06427003502897628,
    "F6_krw_regime_bond": 0.1414624268180014,
    "F6_krw_regime_cash_mmf": 0.09848311133059323,
    "F6_krw_regime_fx_commodity": 0.07778895406541757,
    "F6_krw_regime_global_equity": 0.1063638692663529,
    "F6_krw_regime_kr_equity": 0.06699678638669099,
    "F7_equity_vol_regime_bond": -0.07231790411218088,
    "F7_equity_vol_regime_cash_mmf": -0.0009455726945719673,
    "F7_equity_vol_regime_fx_commodity": -0.007925148953944094,
    "F7_equity_vol_regime_global_equity": -0.19320018301981418,
    "F7_equity_vol_regime_kr_equity": -0.02404802538061236,
    "F8_valuation_bond": 0.044017951155048606,
    "F8_valuation_cash_mmf": -0.010317172343936165,
    "F8_valuation_fx_commodity": 0.10974843393364109,
    "F8_valuation_global_equity": -0.013241129533955847,
    "F8_valuation_kr_equity": -0.11986720413851824,
    "F9_liquidity_regime_bond": 0.11724812577169155,
    "F9_liquidity_regime_cash_mmf": 0.05201171004083645,
    "F9_liquidity_regime_fx_commodity": 0.0027869760276104114,
    "F9_liquidity_regime_global_equity": -0.13708330591360282,
    "F9_liquidity_regime_kr_equity": -0.18653424771635121
  }
}