{
  "shrinkage": 0.3,
  "fold_idx": 5,
  "train_end_idx": 115,
  "test_start_idx": 115,
  "test_end_idx": 122,
  "in_sample_sharpe": 1.1207540392197721,
  "oos_sharpe": 2.0250263491699223,
  "beta": {
    "F1_growth_bond": 0.0001434779700238074,
    "F1_growth_cash_mmf": 6.522392747460812e-05,
    "F1_growth_fx_commodity": -0.1880063763172723,
    "F1_growth_global_equity": 0.003786422281359089,
    "F1_growth_kr_equity": -0.0003246811965197595,
    "F2_inflation_bond": 0.00032608876858451167,
    "F2_inflation_cash_mmf": 0.14893303993917018,
    "F2_inflation_fx_commodity": 0.02352574934134219,
    "F2_inflation_global_equity": -0.07152978898187498,
    "F2_inflation_kr_equity": -0.1843584667093103,
    "F3_real_rate_bond": -0.12038281739289128,
    "F3_real_rate_cash_mmf": -0.0014392950317985063,
    "F3_real_rate_fx_commodity": -0.0303079498965382,
    "F3_real_rate_global_equity": -0.10865294915204769,
    "F3_real_rate_kr_equity": 0.09788713516668592,
    "F4_term_premium_bond": -0.04072975868131809,
    "F4_term_premium_cash_mmf": -0.04783495825934617,
    "F4_term_premium_fx_commodity": -0.08407929114931373,
    "F4_term_premium_global_equity": 0.045751943497616895,
    "F4_term_premium_kr_equity": -0.08461464325112768,
    "F5_credit_cycle_bond": 0.15803721585791186,
    "F5_credit_cycle_cash_mmf": 0.2,
    "F5_credit_cycle_fx_commodity": 0.02035778092042717,
    "F5_credit_cycle_global_equity": 0.0006009036729792992,
    "F5_credit_cycle_kr_equity": -0.09182816472960628,
    "F6_krw_regime_bond": 0.09889280375583155,
    "F6_krw_regime_cash_mmf": 0.12027351888222401,
    "F6_krw_regime_fx_commodity": 0.05337521734714154,
    "F6_krw_regime_global_equity": 0.13150296581017365,
    "F6_krw_regime_kr_equity": 0.017822833466727132,
    "F7_equity_vol_regime_bond": -0.14504610441014543,
    "F7_equity_vol_regime_cash_mmf": -0.0009827435503519332,
    "F7_equity_vol_regime_fx_commodity": 0.0382203089753204,
    "F7_equity_vol_regime_global_equity": -0.17271224117822545,
    "F7_equity_vol_regime_kr_equity": -0.001492993323164265,
    "F8_valuation_bond": 0.019354517540040687,
    "F8_valuation_cash_mmf": -0.04772526770624577,
    "F8_valuation_fx_commodity": 0.12261206670887813,
    "F8_valuation_global_equity": -0.035560922692879735,
    "F8_valuation_kr_equity": -0.13424013278713606,
    "F9_liquidity_regime_bond": 0.15370285726868835,
    "F9_liquidity_regime_cash_mmf": 0.040955850826801476,
    "F9_liquidity_regime_fx_commodity": -0.05263239751754454,
    "F9_liquidity_regime_global_equity": -0.12310579234440336,
    "F9_liquidity_regime_kr_equity": -0.15819203793452702
  }
}