{
  "shrinkage": 2.0,
  "fold_idx": 1,
  "train_end_idx": 87,
  "test_start_idx": 87,
  "test_end_idx": 94,
  "in_sample_sharpe": 1.0667525609181787,
  "oos_sharpe": 1.1315603519061794,
  "beta": {
    "F1_growth_bond": -0.06892145448954898,
    "F1_growth_cash_mmf": -0.03088676280983211,
    "F1_growth_fx_commodity": 0.0010236127213506321,
    "F1_growth_global_equity": 0.05836215414885761,
    "F1_growth_kr_equity": 0.030334241486108995,
    "F2_inflation_bond": -0.006951244859464459,
    "F2_inflation_cash_mmf": 0.06948027079141444,
    "F2_inflation_fx_commodity": 0.017935933404500854,
    "F2_inflation_global_equity": -0.03125609665598696,
    "F2_inflation_kr_equity": -0.11383294985471791,
    "F3_real_rate_bond": -0.09069250719282358,
    "F3_real_rate_cash_mmf": 0.10753144638854223,
    "F3_real_rate_fx_commodity": -0.011617151034632997,
    "F3_real_rate_global_equity": -0.07350550706522853,
    "F3_real_rate_kr_equity": 0.0372755758226166,
    "F4_term_premium_bond": 0.134581275206053,
    "F4_term_premium_cash_mmf": -0.038638352611979496,
    "F4_term_premium_fx_commodity": -0.07806257477900816,
    "F4_term_premium_global_equity": 0.05631743455470226,
    "F4_term_premium_kr_equity": 0.011148043117400499,
    "F5_credit_cycle_bond": 0.035228303534390513,
    "F5_credit_cycle_cash_mmf": 0.1989163378194442,
    "F5_credit_cycle_fx_commodity": -0.006788520473468612,
    "F5_credit_cycle_global_equity": -0.004001556716141468,
    "F5_credit_cycle_kr_equity": -0.10396259426203731,
    "F6_krw_regime_bond": 0.0975399158104578,
    "F6_krw_regime_cash_mmf": 0.097575383386615,
    "F6_krw_regime_fx_commodity": 0.05307134599146288,
    "F6_krw_regime_global_equity": 0.09764426921844244,
    "F6_krw_regime_kr_equity": -0.007438209954830975,
    "F7_equity_vol_regime_bond": 0.001090599030493565,
    "F7_equity_vol_regime_cash_mmf": 0.045288311868175654,
    "F7_equity_vol_regime_fx_commodity": -0.013130030160164468,
    "F7_equity_vol_regime_global_equity": -0.09541382750242317,
    "F7_equity_vol_regime_kr_equity": 0.000594442355017781,
    "F8_valuation_bond": 0.04656119572275497,
    "F8_valuation_cash_mmf": 0.015836123268343532,
    "F8_valuation_fx_commodity": 0.02714154155792225,
    "F8_valuation_global_equity": -0.04030527470156667,
    "F8_valuation_kr_equity": -0.057890590377411864,
    "F9_liquidity_regime_bond": 0.06568090056640168,
    "F9_liquidity_regime_cash_mmf": 0.057544171948128775,
    "F9_liquidity_regime_fx_commodity": -0.011031028290782292,
    "F9_liquidity_regime_global_equity": -0.07549269938027243,
    "F9_liquidity_regime_kr_equity": -0.07764777815608429
  }
}