{
  "shrinkage": 2.0,
  "fold_idx": 2,
  "train_end_idx": 94,
  "test_start_idx": 94,
  "test_end_idx": 101,
  "in_sample_sharpe": 1.0655528791642495,
  "oos_sharpe": 0.7659390921582275,
  "beta": {
    "F1_growth_bond": -0.07913371862385231,
    "F1_growth_cash_mmf": -0.03544943100134596,
    "F1_growth_fx_commodity": -0.03038548752304653,
    "F1_growth_global_equity": 0.07278822251401933,
    "F1_growth_kr_equity": 0.020288071310952095,
    "F2_inflation_bond": -0.0058181512590929334,
    "F2_inflation_cash_mmf": 0.07537029648146158,
    "F2_inflation_fx_commodity": 0.024898702551851854,
    "F2_inflation_global_equity": -0.03732834183227262,
    "F2_inflation_kr_equity": -0.1152844666903517,
    "F3_real_rate_bond": -0.08804035621239979,
    "F3_real_rate_cash_mmf": 0.10831774010049447,
    "F3_real_rate_fx_commodity": -0.006664113203394454,
    "F3_real_rate_global_equity": -0.07746432973132819,
    "F3_real_rate_kr_equity": 0.04251129388583564,
    "F4_term_premium_bond": 0.128961455308082,
    "F4_term_premium_cash_mmf": -0.04259780151428256,
    "F4_term_premium_fx_commodity": -0.07992688391413098,
    "F4_term_premium_global_equity": 0.05626187003017778,
    "F4_term_premium_kr_equity": 0.003951174642861484,
    "F5_credit_cycle_bond": 0.040947876838440304,
    "F5_credit_cycle_cash_mmf": 0.19883429216633983,
    "F5_credit_cycle_fx_commodity": -0.004058640863985836,
    "F5_credit_cycle_global_equity": -0.011811700857199693,
    "F5_credit_cycle_kr_equity": -0.10373517111624558,
    "F6_krw_regime_bond": 0.09651183723119143,
    "F6_krw_regime_cash_mmf": 0.09762689273760627,
    "F6_krw_regime_fx_commodity": 0.051039326670629354,
    "F6_krw_regime_global_equity": 0.09772174837465956,
    "F6_krw_regime_kr_equity": -0.005695435291250516,
    "F7_equity_vol_regime_bond": 0.0038661089726437356,
    "F7_equity_vol_regime_cash_mmf": 0.0386216234097737,
    "F7_equity_vol_regime_fx_commodity": -0.0022004603144341246,
    "F7_equity_vol_regime_global_equity": -0.09722085904459708,
    "F7_equity_vol_regime_kr_equity": 0.0020648645735522318,
    "F8_valuation_bond": 0.0439849820008707,
    "F8_valuation_cash_mmf": 0.016083245881501732,
    "F8_valuation_fx_commodity": 0.014292458936293764,
    "F8_valuation_global_equity": -0.03742392730844517,
    "F8_valuation_kr_equity": -0.06422694676844092,
    "F9_liquidity_regime_bond": 0.06960549187923243,
    "F9_liquidity_regime_cash_mmf": 0.06019024588923538,
    "F9_liquidity_regime_fx_commodity": -0.007906864979341361,
    "F9_liquidity_regime_global_equity": -0.07901538810676964,
    "F9_liquidity_regime_kr_equity": -0.07599531647649356
  }
}