{
  "shrinkage": 0.3,
  "fold_idx": 0,
  "train_end_idx": 80,
  "test_start_idx": 80,
  "test_end_idx": 87,
  "in_sample_sharpe": 1.3570112628704702,
  "oos_sharpe": 0.783001985937365,
  "beta": {
    "F1_growth_bond": -0.07137662355284108,
    "F1_growth_cash_mmf": -0.048581997776369075,
    "F1_growth_fx_commodity": -0.019542187751158017,
    "F1_growth_global_equity": 0.05361437774856218,
    "F1_growth_kr_equity": 0.03274795589989855,
    "F2_inflation_bond": -0.0010906544123524184,
    "F2_inflation_cash_mmf": 0.17128208131714506,
    "F2_inflation_fx_commodity": 0.0077346488521917904,
    "F2_inflation_global_equity": 0.01423293087381534,
    "F2_inflation_kr_equity": -0.12087484933892519,
    "F3_real_rate_bond": -0.14173271093129602,
    "F3_real_rate_cash_mmf": -0.0024471798293012902,
    "F3_real_rate_fx_commodity": -0.05377865386110132,
    "F3_real_rate_global_equity": -0.07152358173513741,
    "F3_real_rate_kr_equity": 0.09687750279993454,
    "F4_term_premium_bond": 0.1488705816899104,
    "F4_term_premium_cash_mmf": -0.016560342643603072,
    "F4_term_premium_fx_commodity": -0.033618589885612886,
    "F4_term_premium_global_equity": 0.09929043434055157,
    "F4_term_premium_kr_equity": 0.017377527639255468,
    "F5_credit_cycle_bond": 0.13830849919986662,
    "F5_credit_cycle_cash_mmf": 0.2,
    "F5_credit_cycle_fx_commodity": 0.012053803369039825,
    "F5_credit_cycle_global_equity": 0.004006798654664677,
    "F5_credit_cycle_kr_equity": -0.026976752791801138,
    "F6_krw_regime_bond": 0.15839651392564377,
    "F6_krw_regime_cash_mmf": 0.15281397372985175,
    "F6_krw_regime_fx_commodity": 0.0710751102506641,
    "F6_krw_regime_global_equity": 0.14600032607258376,
    "F6_krw_regime_kr_equity": 0.06538839933797196,
    "F7_equity_vol_regime_bond": -0.07496124174350129,
    "F7_equity_vol_regime_cash_mmf": 0.00031233425502792857,
    "F7_equity_vol_regime_fx_commodity": -0.009669457369957847,
    "F7_equity_vol_regime_global_equity": -0.2,
    "F7_equity_vol_regime_kr_equity": -0.0004621611075815763,
    "F8_valuation_bond": 0.033997733890666786,
    "F8_valuation_cash_mmf": -0.01306555774005254,
    "F8_valuation_fx_commodity": 0.19686878202302377,
    "F8_valuation_global_equity": -0.03835993802576895,
    "F8_valuation_kr_equity": -0.15153366328484463,
    "F9_liquidity_regime_bond": 0.14654400349767627,
    "F9_liquidity_regime_cash_mmf": 0.06526854182316227,
    "F9_liquidity_regime_fx_commodity": -0.017269147274673297,
    "F9_liquidity_regime_global_equity": -0.18875720710156316,
    "F9_liquidity_regime_kr_equity": -0.2
  }
}