{
  "shrinkage": 0.3,
  "fold_idx": 1,
  "train_end_idx": 87,
  "test_start_idx": 87,
  "test_end_idx": 94,
  "in_sample_sharpe": 1.315183057080915,
  "oos_sharpe": 1.3000042067391153,
  "beta": {
    "F1_growth_bond": -0.050176571137586105,
    "F1_growth_cash_mmf": -0.04721237499395399,
    "F1_growth_fx_commodity": -0.02465405614289349,
    "F1_growth_global_equity": 0.02581919449743633,
    "F1_growth_kr_equity": 0.0016699020826292546,
    "F2_inflation_bond": 0.0006543940080330723,
    "F2_inflation_cash_mmf": 0.16392780853836936,
    "F2_inflation_fx_commodity": -0.0011235621566355195,
    "F2_inflation_global_equity": 0.01573567782993601,
    "F2_inflation_kr_equity": -0.1435801550399697,
    "F3_real_rate_bond": -0.13302284152789484,
    "F3_real_rate_cash_mmf": -0.0024191975589496484,
    "F3_real_rate_fx_commodity": -0.030927296946949005,
    "F3_real_rate_global_equity": -0.08939616041327217,
    "F3_real_rate_kr_equity": 0.10653360815237271,
    "F4_term_premium_bond": 0.1446292810343328,
    "F4_term_premium_cash_mmf": -0.029377262013036455,
    "F4_term_premium_fx_commodity": -0.07515539973350101,
    "F4_term_premium_global_equity": 0.1000382878577254,
    "F4_term_premium_kr_equity": 0.011360724208127948,
    "F5_credit_cycle_bond": 0.1540187492804318,
    "F5_credit_cycle_cash_mmf": 0.2,
    "F5_credit_cycle_fx_commodity": 0.07196047289491207,
    "F5_credit_cycle_global_equity": 0.001652162770918383,
    "F5_credit_cycle_kr_equity": -0.03892914093026414,
    "F6_krw_regime_bond": 0.12460430142319226,
    "F6_krw_regime_cash_mmf": 0.11860376889991577,
    "F6_krw_regime_fx_commodity": 0.08076209957878873,
    "F6_krw_regime_global_equity": 0.13361107716422757,
    "F6_krw_regime_kr_equity": 0.07116283334490602,
    "F7_equity_vol_regime_bond": -0.08172301090611486,
    "F7_equity_vol_regime_cash_mmf": -0.0005855157756593176,
    "F7_equity_vol_regime_fx_commodity": 0.012047600521936978,
    "F7_equity_vol_regime_global_equity": -0.2,
    "F7_equity_vol_regime_kr_equity": -0.029145351764935237,
    "F8_valuation_bond": 0.033532955360977446,
    "F8_valuation_cash_mmf": -0.02042459786408562,
    "F8_valuation_fx_commodity": 0.17030680194358072,
    "F8_valuation_global_equity": -0.011546701499339212,
    "F8_valuation_kr_equity": -0.15126316689905314,
    "F9_liquidity_regime_bond": 0.1476969026914015,
    "F9_liquidity_regime_cash_mmf": 0.05008894522887182,
    "F9_liquidity_regime_fx_commodity": 0.008275774034961606,
    "F9_liquidity_regime_global_equity": -0.1647119255946736,
    "F9_liquidity_regime_kr_equity": -0.2
  }
}