{
  "shrinkage": 1.0,
  "fold_idx": 2,
  "train_end_idx": 94,
  "test_start_idx": 94,
  "test_end_idx": 101,
  "in_sample_sharpe": 1.1696484703828807,
  "oos_sharpe": 0.6192154538271596,
  "beta": {
    "F1_growth_bond": -0.09947484782280536,
    "F1_growth_cash_mmf": -0.043087290826069616,
    "F1_growth_fx_commodity": -0.061378032238186574,
    "F1_growth_global_equity": 0.05182680070921893,
    "F1_growth_kr_equity": 0.05547009259923778,
    "F2_inflation_bond": 0.0008738259054729498,
    "F2_inflation_cash_mmf": 0.09896880507570502,
    "F2_inflation_fx_commodity": 0.0026847421999393684,
    "F2_inflation_global_equity": -0.06164434521925077,
    "F2_inflation_kr_equity": -0.13721542636626038,
    "F3_real_rate_bond": -0.10079073230151787,
    "F3_real_rate_cash_mmf": -0.0008950377772221894,
    "F3_real_rate_fx_commodity": -0.024382160639353893,
    "F3_real_rate_global_equity": -0.08446792953360227,
    "F3_real_rate_kr_equity": 0.09830603944686635,
    "F4_term_premium_bond": -0.012260269287324896,
    "F4_term_premium_cash_mmf": -0.04749862053857713,
    "F4_term_premium_fx_commodity": -0.08418701735693743,
    "F4_term_premium_global_equity": 0.045839529056204795,
    "F4_term_premium_kr_equity": -0.1408197598238223,
    "F5_credit_cycle_bond": 0.09050139575318442,
    "F5_credit_cycle_cash_mmf": 0.2,
    "F5_credit_cycle_fx_commodity": -0.011458723419277873,
    "F5_credit_cycle_global_equity": 0.0003096132994762596,
    "F5_credit_cycle_kr_equity": -0.06546004137792735,
    "F6_krw_regime_bond": 0.09791392719472862,
    "F6_krw_regime_cash_mmf": 0.09777360975156728,
    "F6_krw_regime_fx_commodity": 0.035896112121717484,
    "F6_krw_regime_global_equity": 0.09767446412054899,
    "F6_krw_regime_kr_equity": 0.015735929462522155,
    "F7_equity_vol_regime_bond": -0.045905139135406794,
    "F7_equity_vol_regime_cash_mmf": 0.0014252069399890261,
    "F7_equity_vol_regime_fx_commodity": 0.0011102197066253836,
    "F7_equity_vol_regime_global_equity": -0.12456613817697161,
    "F7_equity_vol_regime_kr_equity": -0.007031635528040832,
    "F8_valuation_bond": 0.03600240169834057,
    "F8_valuation_cash_mmf": 0.0006530071195350611,
    "F8_valuation_fx_commodity": 0.03813239491591696,
    "F8_valuation_global_equity": -0.018679768234463257,
    "F8_valuation_kr_equity": -0.08212906062995677,
    "F9_liquidity_regime_bond": 0.09091724341074121,
    "F9_liquidity_regime_cash_mmf": 0.05334103404001193,
    "F9_liquidity_regime_fx_commodity": 0.005405825746611442,
    "F9_liquidity_regime_global_equity": -0.1013666411449095,
    "F9_liquidity_regime_kr_equity": -0.1006766728460975
  }
}