{
  "shrinkage": 1.0,
  "fold_idx": 4,
  "train_end_idx": 108,
  "test_start_idx": 108,
  "test_end_idx": 115,
  "in_sample_sharpe": 1.107578081610533,
  "oos_sharpe": -0.12865266845256132,
  "beta": {
    "F1_growth_bond": -0.0938739306870765,
    "F1_growth_cash_mmf": -0.04403006942945173,
    "F1_growth_fx_commodity": -0.040845279262690215,
    "F1_growth_global_equity": 0.08639980968643554,
    "F1_growth_kr_equity": 0.014144910532732228,
    "F2_inflation_bond": 0.001041854385544275,
    "F2_inflation_cash_mmf": 0.12238602888198917,
    "F2_inflation_fx_commodity": 0.04709055395288165,
    "F2_inflation_global_equity": -0.05017570294029822,
    "F2_inflation_kr_equity": -0.1307595157355198,
    "F3_real_rate_bond": -0.09407330506864925,
    "F3_real_rate_cash_mmf": 0.11225573709196245,
    "F3_real_rate_fx_commodity": -0.010047794987975608,
    "F3_real_rate_global_equity": -0.07684506689397562,
    "F3_real_rate_kr_equity": 0.09235944468571038,
    "F4_term_premium_bond": 0.1449012600039045,
    "F4_term_premium_cash_mmf": -0.04154049896090859,
    "F4_term_premium_fx_commodity": -0.08380815989716199,
    "F4_term_premium_global_equity": 0.07675542978103896,
    "F4_term_premium_kr_equity": 0.006549473289861554,
    "F5_credit_cycle_bond": 0.09257637830725526,
    "F5_credit_cycle_cash_mmf": 0.2,
    "F5_credit_cycle_fx_commodity": 0.007628926355296039,
    "F5_credit_cycle_global_equity": -0.0002594560702113759,
    "F5_credit_cycle_kr_equity": -0.09560503051527132,
    "F6_krw_regime_bond": 0.09752286196804892,
    "F6_krw_regime_cash_mmf": 0.09762812042385027,
    "F6_krw_regime_fx_commodity": 0.0679479505964766,
    "F6_krw_regime_global_equity": 0.09762556383835116,
    "F6_krw_regime_kr_equity": 0.03178915265660507,
    "F7_equity_vol_regime_bond": 0.0101373256114578,
    "F7_equity_vol_regime_cash_mmf": 0.040154380394161,
    "F7_equity_vol_regime_fx_commodity": -9.25567191681897e-05,
    "F7_equity_vol_regime_global_equity": -0.16396505131213396,
    "F7_equity_vol_regime_kr_equity": 0.0004565465345669157,
    "F8_valuation_bond": 0.04016420909432824,
    "F8_valuation_cash_mmf": 0.011632554564540385,
    "F8_valuation_fx_commodity": 0.0332056164506768,
    "F8_valuation_global_equity": -0.02441855292013983,
    "F8_valuation_kr_equity": -0.08294961254629013,
    "F9_liquidity_regime_bond": 0.08294732409859261,
    "F9_liquidity_regime_cash_mmf": 0.058957101711192096,
    "F9_liquidity_regime_fx_commodity": -0.012402102967140121,
    "F9_liquidity_regime_global_equity": -0.09206602111945858,
    "F9_liquidity_regime_kr_equity": -0.09238370051696054
  }
}