{
  "shrinkage": 0.5,
  "fold_idx": 3,
  "train_end_idx": 101,
  "test_start_idx": 101,
  "test_end_idx": 108,
  "in_sample_sharpe": 1.2216936377921628,
  "oos_sharpe": 0.717549042834478,
  "beta": {
    "F1_growth_bond": -0.11854102874546217,
    "F1_growth_cash_mmf": -0.06215844878858947,
    "F1_growth_fx_commodity": -0.07244449723401145,
    "F1_growth_global_equity": 0.07374232189921825,
    "F1_growth_kr_equity": 0.06419261851772666,
    "F2_inflation_bond": 0.0011956390859958741,
    "F2_inflation_cash_mmf": 0.15293016246761298,
    "F2_inflation_fx_commodity": 0.008842816133705926,
    "F2_inflation_global_equity": -0.0795808911693834,
    "F2_inflation_kr_equity": -0.14522347705087624,
    "F3_real_rate_bond": -0.1317709233283771,
    "F3_real_rate_cash_mmf": -1.56770285041788e-05,
    "F3_real_rate_fx_commodity": -0.019914714749415134,
    "F3_real_rate_global_equity": -0.0814727674551571,
    "F3_real_rate_kr_equity": 0.09753389200711166,
    "F4_term_premium_bond": 0.14274900360796686,
    "F4_term_premium_cash_mmf": -0.02608949245460055,
    "F4_term_premium_fx_commodity": -0.083514499519798,
    "F4_term_premium_global_equity": 0.11681657283565534,
    "F4_term_premium_kr_equity": -0.004385248353241014,
    "F5_credit_cycle_bond": 0.11291295318073336,
    "F5_credit_cycle_cash_mmf": 0.2,
    "F5_credit_cycle_fx_commodity": 0.006315245129229857,
    "F5_credit_cycle_global_equity": -0.00484666839202223,
    "F5_credit_cycle_kr_equity": -0.05109370403983369,
    "F6_krw_regime_bond": 0.11949198622059246,
    "F6_krw_regime_cash_mmf": 0.09776578938062933,
    "F6_krw_regime_fx_commodity": 0.07616785786301704,
    "F6_krw_regime_global_equity": 0.09927328624329525,
    "F6_krw_regime_kr_equity": 0.06834989673736218,
    "F7_equity_vol_regime_bond": -0.07039546406125886,
    "F7_equity_vol_regime_cash_mmf": -0.0014035912097272074,
    "F7_equity_vol_regime_fx_commodity": -0.004146604783395066,
    "F7_equity_vol_regime_global_equity": -0.1847283957133162,
    "F7_equity_vol_regime_kr_equity": -0.0211926515363094,
    "F8_valuation_bond": 0.021308696690159324,
    "F8_valuation_cash_mmf": -0.003784765527280539,
    "F8_valuation_fx_commodity": 0.06246612874530253,
    "F8_valuation_global_equity": 9.276030747194263e-05,
    "F8_valuation_kr_equity": -0.11201232995912376,
    "F9_liquidity_regime_bond": 0.12216125032155134,
    "F9_liquidity_regime_cash_mmf": 0.06302480593014807,
    "F9_liquidity_regime_fx_commodity": 0.009399349554401384,
    "F9_liquidity_regime_global_equity": -0.12276089344279413,
    "F9_liquidity_regime_kr_equity": -0.15523875598023826
  }
}