{
  "shrinkage": 0.1,
  "fold_idx": 4,
  "train_end_idx": 108,
  "test_start_idx": 108,
  "test_end_idx": 115,
  "in_sample_sharpe": 1.2567912740806142,
  "oos_sharpe": -0.007535384723494068,
  "beta": {
    "F1_growth_bond": -0.10978106071315828,
    "F1_growth_cash_mmf": -0.08517089652184266,
    "F1_growth_fx_commodity": -0.19162826103006267,
    "F1_growth_global_equity": 0.1491156827222379,
    "F1_growth_kr_equity": 0.005402284711612363,
    "F2_inflation_bond": -0.0013907014802956284,
    "F2_inflation_cash_mmf": 0.2,
    "F2_inflation_fx_commodity": 0.032286868114305804,
    "F2_inflation_global_equity": -0.1358160065035828,
    "F2_inflation_kr_equity": -0.14830782474374432,
    "F3_real_rate_bond": -0.13671145265087922,
    "F3_real_rate_cash_mmf": 0.10951463969794102,
    "F3_real_rate_fx_commodity": 0.03033143804629004,
    "F3_real_rate_global_equity": -0.19351328441396673,
    "F3_real_rate_kr_equity": 0.0940293851697814,
    "F4_term_premium_bond": 0.1572720837949758,
    "F4_term_premium_cash_mmf": -0.028050593735191094,
    "F4_term_premium_fx_commodity": -0.0745900009290386,
    "F4_term_premium_global_equity": 0.10376105110800445,
    "F4_term_premium_kr_equity": 0.01941652229075133,
    "F5_credit_cycle_bond": 0.2,
    "F5_credit_cycle_cash_mmf": 0.2,
    "F5_credit_cycle_fx_commodity": 0.18569369012637338,
    "F5_credit_cycle_global_equity": -0.0027674765708509724,
    "F5_credit_cycle_kr_equity": -0.08829003069874611,
    "F6_krw_regime_bond": 0.2,
    "F6_krw_regime_cash_mmf": 0.2,
    "F6_krw_regime_fx_commodity": 0.11068521690638962,
    "F6_krw_regime_global_equity": 0.11905051196107624,
    "F6_krw_regime_kr_equity": 0.09901459246172957,
    "F7_equity_vol_regime_bond": -0.17553031327215424,
    "F7_equity_vol_regime_cash_mmf": 0.000250705665308821,
    "F7_equity_vol_regime_fx_commodity": -0.009511718054433016,
    "F7_equity_vol_regime_global_equity": -0.2,
    "F7_equity_vol_regime_kr_equity": -0.06520395447100355,
    "F8_valuation_bond": 0.014300226452179458,
    "F8_valuation_cash_mmf": -0.03189669480075901,
    "F8_valuation_fx_commodity": 0.11024568687662191,
    "F8_valuation_global_equity": -0.0005393995700131906,
    "F8_valuation_kr_equity": -0.2,
    "F9_liquidity_regime_bond": 0.2,
    "F9_liquidity_regime_cash_mmf": 0.07277860463501581,
    "F9_liquidity_regime_fx_commodity": -0.006322158812126706,
    "F9_liquidity_regime_global_equity": -0.2,
    "F9_liquidity_regime_kr_equity": -0.2
  }
}