{
  "shrinkage": 0.5,
  "fold_idx": 2,
  "train_end_idx": 94,
  "test_start_idx": 94,
  "test_end_idx": 101,
  "in_sample_sharpe": 1.2701888333787015,
  "oos_sharpe": 0.6856112060243237,
  "beta": {
    "F1_growth_bond": -0.1182061425797026,
    "F1_growth_cash_mmf": -0.045996074149193024,
    "F1_growth_fx_commodity": -0.05052238040361641,
    "F1_growth_global_equity": 0.07891117988580176,
    "F1_growth_kr_equity": 0.0164892241953524,
    "F2_inflation_bond": 0.0006025040983744707,
    "F2_inflation_cash_mmf": 0.1330181045511146,
    "F2_inflation_fx_commodity": 7.269665278446129e-05,
    "F2_inflation_global_equity": -0.044986074845637235,
    "F2_inflation_kr_equity": -0.1290468876388673,
    "F3_real_rate_bond": -0.1209125066364212,
    "F3_real_rate_cash_mmf": -0.001781229715791949,
    "F3_real_rate_fx_commodity": -0.01754533812452225,
    "F3_real_rate_global_equity": -0.08129842021474247,
    "F3_real_rate_kr_equity": 0.09744462780543352,
    "F4_term_premium_bond": 0.14522785934000662,
    "F4_term_premium_cash_mmf": -0.029092583563403926,
    "F4_term_premium_fx_commodity": -0.07743424380248778,
    "F4_term_premium_global_equity": 0.10676476757894013,
    "F4_term_premium_kr_equity": 0.004581231295108585,
    "F5_credit_cycle_bond": 0.1492324871939312,
    "F5_credit_cycle_cash_mmf": 0.2,
    "F5_credit_cycle_fx_commodity": 0.040959826489541475,
    "F5_credit_cycle_global_equity": -0.0005021934123791166,
    "F5_credit_cycle_kr_equity": -0.04540841077930207,
    "F6_krw_regime_bond": 0.13433001120347224,
    "F6_krw_regime_cash_mmf": 0.09756694415086907,
    "F6_krw_regime_fx_commodity": 0.07430698478315802,
    "F6_krw_regime_global_equity": 0.09929045079027969,
    "F6_krw_regime_kr_equity": 0.06965905697412361,
    "F7_equity_vol_regime_bond": -0.03733688655447215,
    "F7_equity_vol_regime_cash_mmf": 0.00076979880660274,
    "F7_equity_vol_regime_fx_commodity": 0.028048567297325393,
    "F7_equity_vol_regime_global_equity": -0.1998872211448954,
    "F7_equity_vol_regime_kr_equity": -0.017448578205196328,
    "F8_valuation_bond": 0.013009705641999568,
    "F8_valuation_cash_mmf": -0.009970677421058788,
    "F8_valuation_fx_commodity": 0.08960751637362589,
    "F8_valuation_global_equity": -0.0003026526001173703,
    "F8_valuation_kr_equity": -0.11475122995990025,
    "F9_liquidity_regime_bond": 0.130072153216843,
    "F9_liquidity_regime_cash_mmf": 0.06116026147741975,
    "F9_liquidity_regime_fx_commodity": 0.0037531544428626466,
    "F9_liquidity_regime_global_equity": -0.13875755217129962,
    "F9_liquidity_regime_kr_equity": -0.16130560717032214
  }
}