{
  "shrinkage": 2.0,
  "fold_idx": 4,
  "train_end_idx": 108,
  "test_start_idx": 108,
  "test_end_idx": 115,
  "in_sample_sharpe": 1.0204004543512264,
  "oos_sharpe": -0.11853968520337582,
  "beta": {
    "F1_growth_bond": -0.08180703843220699,
    "F1_growth_cash_mmf": -0.0336025172760499,
    "F1_growth_fx_commodity": -0.02850019103182128,
    "F1_growth_global_equity": 0.07824688847463651,
    "F1_growth_kr_equity": 0.024302360281702032,
    "F2_inflation_bond": 8.36631477026476e-05,
    "F2_inflation_cash_mmf": 0.07564148125341416,
    "F2_inflation_fx_commodity": 0.04450840108416781,
    "F2_inflation_global_equity": -0.048858300843731176,
    "F2_inflation_kr_equity": -0.1071731762052645,
    "F3_real_rate_bond": -0.08560941150483378,
    "F3_real_rate_cash_mmf": 0.10765415492040055,
    "F3_real_rate_fx_commodity": -0.01273005183233621,
    "F3_real_rate_global_equity": -0.07079250899407977,
    "F3_real_rate_kr_equity": 0.03852058930478591,
    "F4_term_premium_bond": 0.12204470645036321,
    "F4_term_premium_cash_mmf": -0.03854440415884423,
    "F4_term_premium_fx_commodity": -0.0841651220448599,
    "F4_term_premium_global_equity": 0.053986454553750216,
    "F4_term_premium_kr_equity": 0.008905525849463459,
    "F5_credit_cycle_bond": 0.04564252215208734,
    "F5_credit_cycle_cash_mmf": 0.2,
    "F5_credit_cycle_fx_commodity": 0.0044210234264269,
    "F5_credit_cycle_global_equity": -0.010102956937488255,
    "F5_credit_cycle_kr_equity": -0.10788701277100532,
    "F6_krw_regime_bond": 0.09747925829183199,
    "F6_krw_regime_cash_mmf": 0.0975832861549261,
    "F6_krw_regime_fx_commodity": 0.056327383177178426,
    "F6_krw_regime_global_equity": 0.09770166921351332,
    "F6_krw_regime_kr_equity": -0.014849720631207033,
    "F7_equity_vol_regime_bond": 0.01161205737190437,
    "F7_equity_vol_regime_cash_mmf": 0.04760576755164884,
    "F7_equity_vol_regime_fx_commodity": -0.002851154873802277,
    "F7_equity_vol_regime_global_equity": -0.09815279019703688,
    "F7_equity_vol_regime_kr_equity": 0.0005832683996795366,
    "F8_valuation_bond": 0.04102468922141378,
    "F8_valuation_cash_mmf": 0.016212668252309534,
    "F8_valuation_fx_commodity": 0.016276859902668132,
    "F8_valuation_global_equity": -0.03294751006513133,
    "F8_valuation_kr_equity": -0.06101366242753865,
    "F9_liquidity_regime_bond": 0.06566170521572448,
    "F9_liquidity_regime_cash_mmf": 0.0565794422452003,
    "F9_liquidity_regime_fx_commodity": -0.010759309768117193,
    "F9_liquidity_regime_global_equity": -0.07518318026494766,
    "F9_liquidity_regime_kr_equity": -0.07013181503113583
  }
}