{
  "shrinkage": 0.1,
  "fold_idx": 1,
  "train_end_idx": 87,
  "test_start_idx": 87,
  "test_end_idx": 94,
  "in_sample_sharpe": 1.3822903165697835,
  "oos_sharpe": 1.4614908127133115,
  "beta": {
    "F1_growth_bond": 0.00019349012293681968,
    "F1_growth_cash_mmf": -0.033818226390114635,
    "F1_growth_fx_commodity": -0.06493236851395758,
    "F1_growth_global_equity": 0.008599406461739359,
    "F1_growth_kr_equity": 0.004639681337424856,
    "F2_inflation_bond": -0.016864247653937025,
    "F2_inflation_cash_mmf": 0.19171742341204318,
    "F2_inflation_fx_commodity": 0.00217769372094951,
    "F2_inflation_global_equity": -0.08914380438598782,
    "F2_inflation_kr_equity": -0.17460762317465503,
    "F3_real_rate_bond": -0.18838982133405088,
    "F3_real_rate_cash_mmf": 0.012206355027327021,
    "F3_real_rate_fx_commodity": 0.006129416341901183,
    "F3_real_rate_global_equity": -0.18020489997147965,
    "F3_real_rate_kr_equity": 0.10047753368534203,
    "F4_term_premium_bond": 0.17674454719816254,
    "F4_term_premium_cash_mmf": 0.002270043513893688,
    "F4_term_premium_fx_commodity": -0.040267506122273235,
    "F4_term_premium_global_equity": 0.11349184650150254,
    "F4_term_premium_kr_equity": 0.02378799753961769,
    "F5_credit_cycle_bond": 0.2,
    "F5_credit_cycle_cash_mmf": 0.2,
    "F5_credit_cycle_fx_commodity": 0.1824367881737349,
    "F5_credit_cycle_global_equity": 0.00026035673896390054,
    "F5_credit_cycle_kr_equity": -0.00789881623273074,
    "F6_krw_regime_bond": 0.2,
    "F6_krw_regime_cash_mmf": 0.19059047441128502,
    "F6_krw_regime_fx_commodity": 0.06686819603175476,
    "F6_krw_regime_global_equity": 0.10064547396903498,
    "F6_krw_regime_kr_equity": 0.07391029685773881,
    "F7_equity_vol_regime_bond": -0.07626042148828316,
    "F7_equity_vol_regime_cash_mmf": 0.011006867207687974,
    "F7_equity_vol_regime_fx_commodity": -0.014247569400183648,
    "F7_equity_vol_regime_global_equity": -0.19988171003337332,
    "F7_equity_vol_regime_kr_equity": -0.021947120590103515,
    "F8_valuation_bond": 0.05774617722803189,
    "F8_valuation_cash_mmf": -0.06182377676804796,
    "F8_valuation_fx_commodity": 0.2,
    "F8_valuation_global_equity": -0.017602411428001456,
    "F8_valuation_kr_equity": -0.18068321751146052,
    "F9_liquidity_regime_bond": 0.2,
    "F9_liquidity_regime_cash_mmf": 0.0740804992569611,
    "F9_liquidity_regime_fx_commodity": -0.009884516815914667,
    "F9_liquidity_regime_global_equity": -0.2,
    "F9_liquidity_regime_kr_equity": -0.2
  }
}