{
  "shrinkage": 0.3,
  "fold_idx": 4,
  "train_end_idx": 108,
  "test_start_idx": 108,
  "test_end_idx": 115,
  "in_sample_sharpe": 1.2317239480758035,
  "oos_sharpe": -0.1480583458231186,
  "beta": {
    "F1_growth_bond": -0.12124510664889535,
    "F1_growth_cash_mmf": -0.028322442504083292,
    "F1_growth_fx_commodity": -0.08827325537163389,
    "F1_growth_global_equity": 0.09124720141755883,
    "F1_growth_kr_equity": 0.001258321984968038,
    "F2_inflation_bond": -0.009501028351959775,
    "F2_inflation_cash_mmf": 0.13237502050705796,
    "F2_inflation_fx_commodity": 0.02224846559584686,
    "F2_inflation_global_equity": -0.07546825047011906,
    "F2_inflation_kr_equity": -0.15756570894450178,
    "F3_real_rate_bond": -0.1293772632630768,
    "F3_real_rate_cash_mmf": -0.0004913156974914754,
    "F3_real_rate_fx_commodity": -0.011614147735981866,
    "F3_real_rate_global_equity": -0.09451194062118862,
    "F3_real_rate_kr_equity": 0.09903868360507917,
    "F4_term_premium_bond": 0.1397979832924161,
    "F4_term_premium_cash_mmf": -0.03810801924465196,
    "F4_term_premium_fx_commodity": -0.07694408076886985,
    "F4_term_premium_global_equity": 0.1077383163119822,
    "F4_term_premium_kr_equity": 0.011868939289535033,
    "F5_credit_cycle_bond": 0.18276615965199766,
    "F5_credit_cycle_cash_mmf": 0.2,
    "F5_credit_cycle_fx_commodity": 0.06671407149485292,
    "F5_credit_cycle_global_equity": -7.653769480265178e-05,
    "F5_credit_cycle_kr_equity": -0.06328548796099116,
    "F6_krw_regime_bond": 0.1299422305804142,
    "F6_krw_regime_cash_mmf": 0.10145102076451054,
    "F6_krw_regime_fx_commodity": 0.07901444226356297,
    "F6_krw_regime_global_equity": 0.11206163016054935,
    "F6_krw_regime_kr_equity": 0.0707016671206574,
    "F7_equity_vol_regime_bond": -0.061607814204203235,
    "F7_equity_vol_regime_cash_mmf": 0.01005158590922231,
    "F7_equity_vol_regime_fx_commodity": 0.019842104639164054,
    "F7_equity_vol_regime_global_equity": -0.2,
    "F7_equity_vol_regime_kr_equity": -0.03096530887652573,
    "F8_valuation_bond": 0.02250162601432844,
    "F8_valuation_cash_mmf": -0.023862473814266507,
    "F8_valuation_fx_commodity": 0.12191536955392084,
    "F8_valuation_global_equity": -0.007410777615383094,
    "F8_valuation_kr_equity": -0.1138522043887143,
    "F9_liquidity_regime_bond": 0.14165960884996776,
    "F9_liquidity_regime_cash_mmf": 0.041903950970211316,
    "F9_liquidity_regime_fx_commodity": -0.025697526965424246,
    "F9_liquidity_regime_global_equity": -0.17876351125823278,
    "F9_liquidity_regime_kr_equity": -0.19744036122236613
  }
}