{
  "shrinkage": 1.0,
  "fold_idx": 3,
  "train_end_idx": 101,
  "test_start_idx": 101,
  "test_end_idx": 108,
  "in_sample_sharpe": 1.1015444057685666,
  "oos_sharpe": 0.7435663339706922,
  "beta": {
    "F1_growth_bond": -0.0785763020616782,
    "F1_growth_cash_mmf": -0.03906844236190175,
    "F1_growth_fx_commodity": -0.06591052327291491,
    "F1_growth_global_equity": 0.07036629358745748,
    "F1_growth_kr_equity": 0.006818654772206377,
    "F2_inflation_bond": 0.0005227698096998679,
    "F2_inflation_cash_mmf": 0.1333897546420004,
    "F2_inflation_fx_commodity": 0.02788029178204675,
    "F2_inflation_global_equity": -0.05794487152539339,
    "F2_inflation_kr_equity": -0.13524954255413582,
    "F3_real_rate_bond": -0.09730367791507097,
    "F3_real_rate_cash_mmf": 0.09945822193713076,
    "F3_real_rate_fx_commodity": -0.014089453870052768,
    "F3_real_rate_global_equity": -0.07853511051507509,
    "F3_real_rate_kr_equity": 0.08839701966784257,
    "F4_term_premium_bond": 0.03805142942233631,
    "F4_term_premium_cash_mmf": -0.03865684902836461,
    "F4_term_premium_fx_commodity": -0.08717316239597005,
    "F4_term_premium_global_equity": 0.055967447933967567,
    "F4_term_premium_kr_equity": -0.009030297874488604,
    "F5_credit_cycle_bond": 0.12147168516058295,
    "F5_credit_cycle_cash_mmf": 0.2,
    "F5_credit_cycle_fx_commodity": -0.019721471920274115,
    "F5_credit_cycle_global_equity": 0.00030426884181894084,
    "F5_credit_cycle_kr_equity": -0.11077611703624712,
    "F6_krw_regime_bond": 0.09761833677150489,
    "F6_krw_regime_cash_mmf": 0.09763972154534106,
    "F6_krw_regime_fx_commodity": 0.04423948780384337,
    "F6_krw_regime_global_equity": 0.09759754461373688,
    "F6_krw_regime_kr_equity": 0.0017925071645817333,
    "F7_equity_vol_regime_bond": -0.0275545734471606,
    "F7_equity_vol_regime_cash_mmf": 0.000738667870057692,
    "F7_equity_vol_regime_fx_commodity": -0.009863120947184197,
    "F7_equity_vol_regime_global_equity": -0.1424917315430525,
    "F7_equity_vol_regime_kr_equity": 0.0003029871420771194,
    "F8_valuation_bond": 0.04040491181184587,
    "F8_valuation_cash_mmf": 0.00681813237134195,
    "F8_valuation_fx_commodity": 0.032524885906811726,
    "F8_valuation_global_equity": -0.019476264329997564,
    "F8_valuation_kr_equity": -0.08664039519873123,
    "F9_liquidity_regime_bond": 0.09477213413564674,
    "F9_liquidity_regime_cash_mmf": 0.06313867747533598,
    "F9_liquidity_regime_fx_commodity": -0.002982079600230768,
    "F9_liquidity_regime_global_equity": -0.10354401050639707,
    "F9_liquidity_regime_kr_equity": -0.11566845834088453
  }
}