{
  "shrinkage": 1.0,
  "fold_idx": 6,
  "train_end_idx": 122,
  "test_start_idx": 122,
  "test_end_idx": 129,
  "in_sample_sharpe": 1.0418765195477948,
  "oos_sharpe": 0.5145342432080283,
  "beta": {
    "F1_growth_bond": -0.0416304246701208,
    "F1_growth_cash_mmf": -0.009443194778125793,
    "F1_growth_fx_commodity": -0.06616125540710376,
    "F1_growth_global_equity": 0.06153486231151063,
    "F1_growth_kr_equity": 0.013469025839643057,
    "F2_inflation_bond": 0.000621427587569421,
    "F2_inflation_cash_mmf": 0.11718728648947298,
    "F2_inflation_fx_commodity": 0.03198189483086351,
    "F2_inflation_global_equity": -0.06260873913612625,
    "F2_inflation_kr_equity": -0.15171347496935006,
    "F3_real_rate_bond": -0.0253677328882419,
    "F3_real_rate_cash_mmf": 0.10157634339033726,
    "F3_real_rate_fx_commodity": -0.02710042235356481,
    "F3_real_rate_global_equity": -0.07686359834547768,
    "F3_real_rate_kr_equity": 0.037777305391685514,
    "F4_term_premium_bond": -0.021396226388638327,
    "F4_term_premium_cash_mmf": -0.052080397514975736,
    "F4_term_premium_fx_commodity": -0.08430373932346001,
    "F4_term_premium_global_equity": 0.04843427084425657,
    "F4_term_premium_kr_equity": -0.03123833799765841,
    "F5_credit_cycle_bond": 0.03366370857768251,
    "F5_credit_cycle_cash_mmf": 0.2,
    "F5_credit_cycle_fx_commodity": 0.001466611610503156,
    "F5_credit_cycle_global_equity": -0.012172529335040507,
    "F5_credit_cycle_kr_equity": -0.0908165928891669,
    "F6_krw_regime_bond": 0.0976013362235048,
    "F6_krw_regime_cash_mmf": 0.09759659512763545,
    "F6_krw_regime_fx_commodity": 0.044514505434227775,
    "F6_krw_regime_global_equity": 0.09760082096302262,
    "F6_krw_regime_kr_equity": -0.09759589395181964,
    "F7_equity_vol_regime_bond": -0.0722239732962829,
    "F7_equity_vol_regime_cash_mmf": -0.0005937600833176991,
    "F7_equity_vol_regime_fx_commodity": 0.014574899270609325,
    "F7_equity_vol_regime_global_equity": -0.09765777461204388,
    "F7_equity_vol_regime_kr_equity": 0.001162120117853419,
    "F8_valuation_bond": 0.031241915746635082,
    "F8_valuation_cash_mmf": 0.008028468576098086,
    "F8_valuation_fx_commodity": 0.04086733044536074,
    "F8_valuation_global_equity": -0.022745046993739568,
    "F8_valuation_kr_equity": -0.08822112789742975,
    "F9_liquidity_regime_bond": 0.07053531375294833,
    "F9_liquidity_regime_cash_mmf": 0.052196787403487925,
    "F9_liquidity_regime_fx_commodity": -0.010088154473442188,
    "F9_liquidity_regime_global_equity": -0.08914302316736865,
    "F9_liquidity_regime_kr_equity": -0.07077778429952683
  }
}