{
  "shrinkage": 0.1,
  "fold_idx": 0,
  "train_end_idx": 80,
  "test_start_idx": 80,
  "test_end_idx": 87,
  "in_sample_sharpe": 1.371295568377525,
  "oos_sharpe": 0.8166873725561684,
  "beta": {
    "F1_growth_bond": -0.07356363516744253,
    "F1_growth_cash_mmf": -0.053609515881046337,
    "F1_growth_fx_commodity": -0.022489897032074418,
    "F1_growth_global_equity": 0.04924516172859917,
    "F1_growth_kr_equity": 0.02723490337528306,
    "F2_inflation_bond": -0.0012341822624522855,
    "F2_inflation_cash_mmf": 0.1762049076655046,
    "F2_inflation_fx_commodity": -0.0030736523447944413,
    "F2_inflation_global_equity": 0.029554603139996367,
    "F2_inflation_kr_equity": -0.18450808214475214,
    "F3_real_rate_bond": -0.19488574959192,
    "F3_real_rate_cash_mmf": -0.004198919400532996,
    "F3_real_rate_fx_commodity": -0.06364402824767088,
    "F3_real_rate_global_equity": -0.1376544429637477,
    "F3_real_rate_kr_equity": 0.13608010133453652,
    "F4_term_premium_bond": 0.15393715081480852,
    "F4_term_premium_cash_mmf": -0.007057946275084293,
    "F4_term_premium_fx_commodity": -0.032128381400506875,
    "F4_term_premium_global_equity": 0.10087947506294755,
    "F4_term_premium_kr_equity": 0.0058673921026007585,
    "F5_credit_cycle_bond": 0.11802613984561157,
    "F5_credit_cycle_cash_mmf": 0.2,
    "F5_credit_cycle_fx_commodity": 0.00690508905065596,
    "F5_credit_cycle_global_equity": -0.00010775217399736317,
    "F5_credit_cycle_kr_equity": -0.02087154978718838,
    "F6_krw_regime_bond": 0.19211407483583295,
    "F6_krw_regime_cash_mmf": 0.18649322159738727,
    "F6_krw_regime_fx_commodity": 0.07564966354150138,
    "F6_krw_regime_global_equity": 0.1616621921712536,
    "F6_krw_regime_kr_equity": 0.07004542245005216,
    "F7_equity_vol_regime_bond": -0.07786615405935422,
    "F7_equity_vol_regime_cash_mmf": -0.0015626465976796861,
    "F7_equity_vol_regime_fx_commodity": 0.024980736893862987,
    "F7_equity_vol_regime_global_equity": -0.2,
    "F7_equity_vol_regime_kr_equity": -0.012947384952171976,
    "F8_valuation_bond": 0.03359824566612244,
    "F8_valuation_cash_mmf": -0.014343779847202096,
    "F8_valuation_fx_commodity": 0.2,
    "F8_valuation_global_equity": -0.053422984563571176,
    "F8_valuation_kr_equity": -0.2,
    "F9_liquidity_regime_bond": 0.19783286408843181,
    "F9_liquidity_regime_cash_mmf": 0.08298147424753885,
    "F9_liquidity_regime_fx_commodity": -0.00956971991330652,
    "F9_liquidity_regime_global_equity": -0.2,
    "F9_liquidity_regime_kr_equity": -0.2
  }
}