{
  "as_of_date": "2026-07-02",
  "tier": "event:emergency_defensive",
  "trigger": {
    "tier": "event:emergency_defensive"
  },
  "current_weights": {
    "A261220": 0.027053282031808096,
    "A241180": 0.0246334119350575,
    "A261240": 0.07862807120900471,
    "A161510": 0.04428983908362997,
    "A411060": 0.07722686830349561,
    "A468380": 0.04009310527172351,
    "A114260": 0.10570568918637328,
    "A305080": 0.09605860095690966,
    "A069500": 0.044091217207947106,
    "A182480": 0.033919907361167234,
    "A360750": 0.1282428281207935,
    "A371160": 0.03265194375760182,
    "A381170": 0.06488044206245111,
    "A459580": 0.19707377999595416,
    "CASH": 0.005451013516082764
  },
  "target_weights": {
    "A261220": 0.026779748274737534,
    "A241180": 0.024384345307646424,
    "A261240": 0.07783306852860078,
    "A161510": 0.04384202775817408,
    "A411060": 0.07644603308324352,
    "A468380": 0.04059995612298857,
    "A114260": 0.10704200420075206,
    "A305080": 0.09727295897024812,
    "A069500": 0.0436454141337573,
    "A182480": 0.03357694565733121,
    "A360750": 0.12694617426001642,
    "A371160": 0.03232180234107526,
    "A381170": 0.06422444065541758,
    "A459580": 0.19956515631804264,
    "CASH": 0.005519924387968571
  },
  "realized_weights": {
    "A468380": 0.04009310527172351,
    "A305080": 0.09605860095690966,
    "A114260": 0.10570568918637328,
    "A161510": 0.04428983908362997,
    "A371160": 0.03265194375760182,
    "A381170": 0.06488044206245111,
    "A459580": 0.19707377999595416,
    "A182480": 0.033919907361167234,
    "A241180": 0.0246334119350575,
    "A411060": 0.07722686830349561,
    "A261240": 0.07862807120900471,
    "A360750": 0.1282428281207935,
    "A261220": 0.027053282031808096,
    "A069500": 0.044091217207947106,
    "CASH": 0.005451013516082764
  },
  "plan": [
    {
      "ticker": "A468380",
      "action": "HOLD",
      "current_qty": 3199,
      "target_qty": 3199,
      "delta_qty": 0,
      "delta_amount_krw": 0
    },
    {
      "ticker": "A305080",
      "action": "HOLD",
      "current_qty": 6786,
      "target_qty": 6786,
      "delta_qty": 0,
      "delta_amount_krw": 0
    },
    {
      "ticker": "A114260",
      "action": "HOLD",
      "current_qty": 1693,
      "target_qty": 1693,
      "delta_qty": 0,
      "delta_amount_krw": 0
    },
    {
      "ticker": "A161510",
      "action": "HOLD",
      "current_qty": 1768,
      "target_qty": 1768,
      "delta_qty": 0,
      "delta_amount_krw": 0
    },
    {
      "ticker": "A371160",
      "action": "HOLD",
      "current_qty": 4237,
      "target_qty": 4237,
      "delta_qty": 0,
      "delta_amount_krw": 0
    },
    {
      "ticker": "A381170",
      "action": "HOLD",
      "current_qty": 1936,
      "target_qty": 1936,
      "delta_qty": 0,
      "delta_amount_krw": 0
    },
    {
      "ticker": "A459580",
      "action": "HOLD",
      "current_qty": 181,
      "target_qty": 181,
      "delta_qty": 0,
      "delta_amount_krw": 0
    },
    {
      "ticker": "A182480",
      "action": "HOLD",
      "current_qty": 2404,
      "target_qty": 2404,
      "delta_qty": 0,
      "delta_amount_krw": 0
    },
    {
      "ticker": "A241180",
      "action": "HOLD",
      "current_qty": 611,
      "target_qty": 611,
      "delta_qty": 0,
      "delta_amount_krw": 0
    },
    {
      "ticker": "A411060",
      "action": "HOLD",
      "current_qty": 2721,
      "target_qty": 2721,
      "delta_qty": 0,
      "delta_amount_krw": 0
    },
    {
      "ticker": "A261240",
      "action": "HOLD",
      "current_qty": 4854,
      "target_qty": 4854,
      "delta_qty": 0,
      "delta_amount_krw": 0
    },
    {
      "ticker": "A360750",
      "action": "HOLD",
      "current_qty": 4380,
      "target_qty": 4380,
      "delta_qty": 0,
      "delta_amount_krw": 0
    },
    {
      "ticker": "A261220",
      "action": "HOLD",
      "current_qty": 1415,
      "target_qty": 1415,
      "delta_qty": 0,
      "delta_amount_krw": 0
    },
    {
      "ticker": "A069500",
      "action": "HOLD",
      "current_qty": 352,
      "target_qty": 352,
      "delta_qty": 0,
      "delta_amount_krw": 0
    }
  ],
  "turnover": 0.0,
  "cash_residual_krw": 5375765,
  "skipped_no_trade": [
    "A468380",
    "A305080",
    "A114260",
    "A161510",
    "A371160",
    "A381170",
    "A459580",
    "A182480",
    "A241180",
    "A411060",
    "A261240",
    "A360750",
    "A261220",
    "A069500"
  ],
  "validation": {
    "passed": true,
    "violations": [],
    "suggestions": []
  },
  "previous_portfolio_path": "artifacts/2026-07-01"
}