{
  "mode": "perturb_quadrant",
  "n": 3,
  "n_attempted": 9,
  "runs": [
    {
      "run": 3,
      "mode": "perturb_quadrant",
      "elapsed_s": 9.41420578956604,
      "dominant_cycle": "B",
      "dominant_cycle_prob": 0.49,
      "dominant_scenario": "overheating",
      "cycle_marginals": {
        "A": 0.185,
        "B": 0.49,
        "C": 0.304,
        "D": 0.019
      },
      "tail_marginals": {
        "N": 0.9359999999999999,
        "T": 0.062
      },
      "kr_marginals": {
        "F": 0.614,
        "boom": 0.147,
        "stress": 0.237
      },
      "portfolio": {
        "kr_equity": 0.0941741124550973,
        "global_equity": 0.21367896848356827,
        "fx_commodity": 0.20123899438974763,
        "bond": 0.32776409147114693,
        "bond_tips_share": 0.5357245456265056,
        "cash_mmf": 0.16314383320043996
      }
    },
    {
      "run": 1,
      "mode": "perturb_quadrant",
      "elapsed_s": 10.107723712921143,
      "dominant_cycle": "B",
      "dominant_cycle_prob": 0.438,
      "dominant_scenario": "overheating",
      "cycle_marginals": {
        "A": 0.22,
        "B": 0.438,
        "C": 0.307,
        "D": 0.033
      },
      "tail_marginals": {
        "N": 0.926,
        "T": 0.072
      },
      "kr_marginals": {
        "F": 0.655,
        "boom": 0.121,
        "stress": 0.222
      },
      "portfolio": {
        "kr_equity": 0.09709836128057055,
        "global_equity": 0.2269516844772038,
        "fx_commodity": 0.18113461691039037,
        "bond": 0.3416167525100151,
        "bond_tips_share": 0.4819765741561407,
        "cash_mmf": 0.15319858482182022
      }
    },
    {
      "run": 3,
      "mode": "perturb_quadrant",
      "elapsed_s": 20.281410455703735,
      "dominant_cycle": "B",
      "dominant_cycle_prob": 0.49000000000000005,
      "dominant_scenario": "overheating",
      "cycle_marginals": {
        "A": 0.16,
        "B": 0.49000000000000005,
        "C": 0.3,
        "D": 0.048
      },
      "tail_marginals": {
        "N": 0.921,
        "T": 0.077
      },
      "kr_marginals": {
        "F": 0.5870000000000001,
        "boom": 0.217,
        "stress": 0.194
      },
      "portfolio": {
        "kr_equity": 0.10159783591421936,
        "global_equity": 0.1947036239667683,
        "fx_commodity": 0.20777469779265598,
        "bond": 0.32517748272920066,
        "bond_tips_share": 0.5514140463635177,
        "cash_mmf": 0.17074635959715578
      }
    }
  ]
}