{
  "as_of_date": "2026-07-19",
  "tier": "event:emergency_defensive",
  "trigger": {
    "tier": "event:emergency_defensive"
  },
  "current_weights": {
    "A305080": 0.09283500627024792,
    "A371160": 0.033839470008259646,
    "A069500": 0.04234548751194302,
    "A241180": 0.023801065313003363,
    "A182480": 0.03479522049117163,
    "A411060": 0.07446260637957959,
    "A459580": 0.19939768644345596,
    "A161510": 0.0457683527243722,
    "A360750": 0.1260464673244231,
    "A468380": 0.03898331574774292,
    "A261220": 0.03191290775122473,
    "A261240": 0.07650902003366082,
    "A114260": 0.10724660603876056,
    "A381170": 0.06540996654332278,
    "CASH": 0.006646821418831755
  },
  "target_weights": {
    "A305080": 0.09385501508265069,
    "A371160": 0.03354122363815738,
    "A069500": 0.041972272803273966,
    "A241180": 0.023591293075659294,
    "A182480": 0.03448855055201872,
    "A411060": 0.07380632535462138,
    "A459580": 0.20158853454608847,
    "A161510": 0.04536497037050341,
    "A360750": 0.12493554858560872,
    "A468380": 0.039411638286803496,
    "A261220": 0.03163164126289356,
    "A261240": 0.07583470280884758,
    "A114260": 0.10842495984789777,
    "A381170": 0.0648334715484161,
    "CASH": 0.006719852236559493
  },
  "realized_weights": {
    "A261220": 0.03191290775122473,
    "A381170": 0.06540996654332278,
    "A371160": 0.033839470008259646,
    "A241180": 0.023801065313003363,
    "A114260": 0.10724660603876056,
    "A360750": 0.1260464673244231,
    "A182480": 0.03479522049117163,
    "A468380": 0.03898331574774292,
    "A459580": 0.19939768644345596,
    "A069500": 0.04234548751194302,
    "A261240": 0.07650902003366082,
    "A411060": 0.07446260637957959,
    "A305080": 0.09283500627024792,
    "A161510": 0.0457683527243722,
    "CASH": 0.006646821418831755
  },
  "plan": [
    {
      "ticker": "A261220",
      "action": "HOLD",
      "current_qty": 1415,
      "target_qty": 1415,
      "delta_qty": 0,
      "delta_amount_krw": 0
    },
    {
      "ticker": "A381170",
      "action": "HOLD",
      "current_qty": 1936,
      "target_qty": 1936,
      "delta_qty": 0,
      "delta_amount_krw": 0
    },
    {
      "ticker": "A371160",
      "action": "HOLD",
      "current_qty": 4237,
      "target_qty": 4237,
      "delta_qty": 0,
      "delta_amount_krw": 0
    },
    {
      "ticker": "A241180",
      "action": "HOLD",
      "current_qty": 611,
      "target_qty": 611,
      "delta_qty": 0,
      "delta_amount_krw": 0
    },
    {
      "ticker": "A114260",
      "action": "HOLD",
      "current_qty": 1693,
      "target_qty": 1693,
      "delta_qty": 0,
      "delta_amount_krw": 0
    },
    {
      "ticker": "A360750",
      "action": "HOLD",
      "current_qty": 4380,
      "target_qty": 4380,
      "delta_qty": 0,
      "delta_amount_krw": 0
    },
    {
      "ticker": "A182480",
      "action": "HOLD",
      "current_qty": 2404,
      "target_qty": 2404,
      "delta_qty": 0,
      "delta_amount_krw": 0
    },
    {
      "ticker": "A468380",
      "action": "HOLD",
      "current_qty": 3199,
      "target_qty": 3199,
      "delta_qty": 0,
      "delta_amount_krw": 0
    },
    {
      "ticker": "A459580",
      "action": "HOLD",
      "current_qty": 180,
      "target_qty": 180,
      "delta_qty": 0,
      "delta_amount_krw": 0
    },
    {
      "ticker": "A069500",
      "action": "HOLD",
      "current_qty": 352,
      "target_qty": 352,
      "delta_qty": 0,
      "delta_amount_krw": 0
    },
    {
      "ticker": "A261240",
      "action": "HOLD",
      "current_qty": 4854,
      "target_qty": 4854,
      "delta_qty": 0,
      "delta_amount_krw": 0
    },
    {
      "ticker": "A411060",
      "action": "HOLD",
      "current_qty": 2721,
      "target_qty": 2721,
      "delta_qty": 0,
      "delta_amount_krw": 0
    },
    {
      "ticker": "A305080",
      "action": "HOLD",
      "current_qty": 6786,
      "target_qty": 6786,
      "delta_qty": 0,
      "delta_amount_krw": 0
    },
    {
      "ticker": "A161510",
      "action": "HOLD",
      "current_qty": 1768,
      "target_qty": 1768,
      "delta_qty": 0,
      "delta_amount_krw": 0
    }
  ],
  "turnover": 0.0,
  "cash_residual_krw": 6449865,
  "skipped_no_trade": [
    "A261220",
    "A381170",
    "A371160",
    "A241180",
    "A114260",
    "A360750",
    "A182480",
    "A468380",
    "A459580",
    "A069500",
    "A261240",
    "A411060",
    "A305080",
    "A161510"
  ],
  "validation": {
    "passed": false,
    "violations": [
      {
        "rule": "category_cap",
        "description": "category 해외주식_섹터 weight 0.1002 > 0.1",
        "severity": "hard",
        "suggested_fix": "Reduce 해외주식_섹터 exposure to ≤0.1"
      }
    ],
    "suggestions": []
  },
  "previous_portfolio_path": "artifacts/2026-07-16"
}