{
  "pre_2010_n": 75,
  "post_2010_n": 58,
  "pre_2010_in_sample_sharpe": 1.2101117000651322,
  "post_2010_in_sample_sharpe": 1.2847962127476253,
  "beta_avg_abs_diff_pre_vs_post": 0.036427068301572656,
  "beta_max_abs_diff_pre_vs_post": 0.1595411897883378,
  "pre_2010_beta": {
    "F1_growth_bond": -0.0740925795566786,
    "F1_growth_cash_mmf": -0.026615862347985658,
    "F1_growth_fx_commodity": -0.02589840267258084,
    "F1_growth_global_equity": 0.0693536982061354,
    "F1_growth_kr_equity": 0.020131406103832412,
    "F2_inflation_bond": 0.00040678480413844674,
    "F2_inflation_cash_mmf": 0.09566425480909843,
    "F2_inflation_fx_commodity": 0.03297784153710014,
    "F2_inflation_global_equity": -0.022480525880133908,
    "F2_inflation_kr_equity": -0.1390492833852401,
    "F3_real_rate_bond": -0.11065360283078943,
    "F3_real_rate_cash_mmf": 0.10462076269084276,
    "F3_real_rate_fx_commodity": -0.028976815276584855,
    "F3_real_rate_global_equity": -0.07734989482112851,
    "F3_real_rate_kr_equity": 0.09756010702913069,
    "F4_term_premium_bond": 0.14492749541597236,
    "F4_term_premium_cash_mmf": -0.0001928821008295197,
    "F4_term_premium_fx_commodity": -0.0835991133008858,
    "F4_term_premium_global_equity": 0.1014308050294993,
    "F4_term_premium_kr_equity": 0.02026780829145012,
    "F5_credit_cycle_bond": 0.08183436034382714,
    "F5_credit_cycle_cash_mmf": 0.2,
    "F5_credit_cycle_fx_commodity": 0.007824591019118083,
    "F5_credit_cycle_global_equity": 0.0010783073446301837,
    "F5_credit_cycle_kr_equity": -0.09932456697714935,
    "F6_krw_regime_bond": 0.1263129157819035,
    "F6_krw_regime_cash_mmf": 0.11197511637946257,
    "F6_krw_regime_fx_commodity": 0.06915445946671273,
    "F6_krw_regime_global_equity": 0.11195690924514215,
    "F6_krw_regime_kr_equity": 0.06443570308274185,
    "F7_equity_vol_regime_bond": -0.0016238127185267002,
    "F7_equity_vol_regime_cash_mmf": 0.026632568222286882,
    "F7_equity_vol_regime_fx_commodity": 0.003338703650547584,
    "F7_equity_vol_regime_global_equity": -0.17286095971859286,
    "F7_equity_vol_regime_kr_equity": 0.0005480575881159445,
    "F8_valuation_bond": 0.050650297844250736,
    "F8_valuation_cash_mmf": 0.021784156102408553,
    "F8_valuation_fx_commodity": 0.06559241268754962,
    "F8_valuation_global_equity": -0.03540166142450549,
    "F8_valuation_kr_equity": -0.09718659997920204,
    "F9_liquidity_regime_bond": 0.08704021998595629,
    "F9_liquidity_regime_cash_mmf": 0.061272610185291364,
    "F9_liquidity_regime_fx_commodity": -0.00990872727534824,
    "F9_liquidity_regime_global_equity": -0.0902464877215124,
    "F9_liquidity_regime_kr_equity": -0.11232417213288062
  },
  "post_2010_beta": {
    "F1_growth_bond": -0.05738006778973718,
    "F1_growth_cash_mmf": -0.00343204774660169,
    "F1_growth_fx_commodity": -0.13344713713774004,
    "F1_growth_global_equity": 0.041973314257595,
    "F1_growth_kr_equity": 0.005685412122434296,
    "F2_inflation_bond": -0.004565313586259985,
    "F2_inflation_cash_mmf": 0.0950184061045317,
    "F2_inflation_fx_commodity": 0.0620215368259187,
    "F2_inflation_global_equity": -0.034678237925753995,
    "F2_inflation_kr_equity": -0.13629299307829204,
    "F3_real_rate_bond": 0.0003736778479490215,
    "F3_real_rate_cash_mmf": 0.09258674827789302,
    "F3_real_rate_fx_commodity": -0.04539330400387542,
    "F3_real_rate_global_equity": -0.02276600034314262,
    "F3_real_rate_kr_equity": 0.021167932431173483,
    "F4_term_premium_bond": -0.014613694372365465,
    "F4_term_premium_cash_mmf": -0.11110965408793393,
    "F4_term_premium_fx_commodity": -0.05594517929068447,
    "F4_term_premium_global_equity": 0.10933516764178292,
    "F4_term_premium_kr_equity": 0.01962207545919839,
    "F5_credit_cycle_bond": 0.039610744688566346,
    "F5_credit_cycle_cash_mmf": 0.2,
    "F5_credit_cycle_fx_commodity": 0.07881106820549516,
    "F5_credit_cycle_global_equity": -0.027533530305082838,
    "F5_credit_cycle_kr_equity": -0.09117372475179752,
    "F6_krw_regime_bond": 0.08296757714633653,
    "F6_krw_regime_cash_mmf": 0.09682965649002054,
    "F6_krw_regime_fx_commodity": 0.09866780507387102,
    "F6_krw_regime_global_equity": 0.12929178246627748,
    "F6_krw_regime_kr_equity": 0.08338636193039013,
    "F7_equity_vol_regime_bond": -0.08504172117737291,
    "F7_equity_vol_regime_cash_mmf": 8.478550389190011e-05,
    "F7_equity_vol_regime_fx_commodity": 0.05153803829794006,
    "F7_equity_vol_regime_global_equity": -0.019654730944111007,
    "F7_equity_vol_regime_kr_equity": 0.002623967741125652,
    "F8_valuation_bond": 0.010035326030048544,
    "F8_valuation_cash_mmf": -0.0038274426180198106,
    "F8_valuation_fx_commodity": 0.03621643460698088,
    "F8_valuation_global_equity": -0.041975622870219054,
    "F8_valuation_kr_equity": -0.06958839652418382,
    "F9_liquidity_regime_bond": 0.05905759693241734,
    "F9_liquidity_regime_cash_mmf": 0.056917226520531106,
    "F9_liquidity_regime_fx_commodity": -0.003838939971460497,
    "F9_liquidity_regime_global_equity": -0.07611983877861866,
    "F9_liquidity_regime_kr_equity": -0.05912779633777738
  }
}