{
  "as_of_date": "2026-06-22",
  "tier": "event:emergency_defensive",
  "trigger": {
    "tier": "event:emergency_defensive"
  },
  "current_weights": {
    "A459580": 0.1985244395727865,
    "A182480": 0.03233071357091936,
    "A261240": 0.07689461208816153,
    "A261220": 0.029677042601138407,
    "A381170": 0.06468875597640177,
    "A114260": 0.10430618560079022,
    "A371160": 0.03273129569516078,
    "A468380": 0.039347642660278646,
    "A161510": 0.044122423467274255,
    "A411060": 0.07784234777884295,
    "A069500": 0.052391261988394236,
    "A305080": 0.09388411783575455,
    "A360750": 0.12554469306839425,
    "A241180": 0.025558725682529114,
    "CASH": 0.0021557424131734134
  },
  "target_weights": {
    "A459580": 0.20386194016801962,
    "A182480": 0.03165266334301717,
    "A261240": 0.07528195330361415,
    "A261220": 0.029054646022880864,
    "A381170": 0.06333208237140094,
    "A114260": 0.1071105472649197,
    "A371160": 0.032044844328816664,
    "A468380": 0.040405537932881874,
    "A161510": 0.04319707366879371,
    "A411060": 0.07620981277351102,
    "A069500": 0.05129249542224993,
    "A305080": 0.0964082732289627,
    "A360750": 0.12291172898115851,
    "A241180": 0.025022699784557085,
    "CASH": 0.002213701405216122
  },
  "realized_weights": {
    "A459580": 0.19960337674437775,
    "A305080": 0.09388411783575455,
    "A468380": 0.039347642660278646,
    "A360750": 0.12554469306839425,
    "A161510": 0.044122423467274255,
    "A241180": 0.025558725682529114,
    "A261240": 0.07689461208816153,
    "A182480": 0.03233071357091936,
    "A069500": 0.052391261988394236,
    "A261220": 0.029677042601138407,
    "A381170": 0.06468875597640177,
    "A371160": 0.03273129569516078,
    "A114260": 0.10430618560079022,
    "A411060": 0.07784234777884295,
    "CASH": 0.0010768052415821821
  },
  "plan": [
    {
      "ticker": "A459580",
      "action": "BUY",
      "current_qty": 184,
      "target_qty": 185,
      "delta_qty": 1,
      "delta_amount_krw": 1075430
    },
    {
      "ticker": "A305080",
      "action": "HOLD",
      "current_qty": 6786,
      "target_qty": 6786,
      "delta_qty": 0,
      "delta_amount_krw": 0
    },
    {
      "ticker": "A468380",
      "action": "HOLD",
      "current_qty": 3199,
      "target_qty": 3199,
      "delta_qty": 0,
      "delta_amount_krw": 0
    },
    {
      "ticker": "A360750",
      "action": "HOLD",
      "current_qty": 4380,
      "target_qty": 4380,
      "delta_qty": 0,
      "delta_amount_krw": 0
    },
    {
      "ticker": "A161510",
      "action": "HOLD",
      "current_qty": 1768,
      "target_qty": 1768,
      "delta_qty": 0,
      "delta_amount_krw": 0
    },
    {
      "ticker": "A241180",
      "action": "HOLD",
      "current_qty": 611,
      "target_qty": 611,
      "delta_qty": 0,
      "delta_amount_krw": 0
    },
    {
      "ticker": "A261240",
      "action": "HOLD",
      "current_qty": 4854,
      "target_qty": 4854,
      "delta_qty": 0,
      "delta_amount_krw": 0
    },
    {
      "ticker": "A182480",
      "action": "HOLD",
      "current_qty": 2404,
      "target_qty": 2404,
      "delta_qty": 0,
      "delta_amount_krw": 0
    },
    {
      "ticker": "A069500",
      "action": "HOLD",
      "current_qty": 352,
      "target_qty": 352,
      "delta_qty": 0,
      "delta_amount_krw": 0
    },
    {
      "ticker": "A261220",
      "action": "HOLD",
      "current_qty": 1415,
      "target_qty": 1415,
      "delta_qty": 0,
      "delta_amount_krw": 0
    },
    {
      "ticker": "A381170",
      "action": "HOLD",
      "current_qty": 1936,
      "target_qty": 1936,
      "delta_qty": 0,
      "delta_amount_krw": 0
    },
    {
      "ticker": "A371160",
      "action": "HOLD",
      "current_qty": 4237,
      "target_qty": 4237,
      "delta_qty": 0,
      "delta_amount_krw": 0
    },
    {
      "ticker": "A114260",
      "action": "HOLD",
      "current_qty": 1693,
      "target_qty": 1693,
      "delta_qty": 0,
      "delta_amount_krw": 0
    },
    {
      "ticker": "A411060",
      "action": "HOLD",
      "current_qty": 2721,
      "target_qty": 2721,
      "delta_qty": 0,
      "delta_amount_krw": 0
    }
  ],
  "turnover": 0.001078937171591231,
  "cash_residual_krw": 1073305,
  "skipped_no_trade": [
    "A305080",
    "A468380",
    "A360750",
    "A161510",
    "A241180",
    "A261240",
    "A182480",
    "A069500",
    "A261220",
    "A381170",
    "A371160",
    "A114260",
    "A411060"
  ],
  "validation": {
    "passed": true,
    "violations": [],
    "suggestions": []
  },
  "previous_portfolio_path": "artifacts/2026-06-21"
}