{
  "as_of_date": "2026-07-05",
  "tier": "event:emergency_defensive",
  "trigger": {
    "tier": "event:emergency_defensive"
  },
  "current_weights": {
    "A468380": 0.03946849756069144,
    "A305080": 0.09455043171502309,
    "A114260": 0.10561387322680076,
    "A161510": 0.045067997498473365,
    "A371160": 0.03261828495387098,
    "A381170": 0.06415660050640229,
    "A459580": 0.19688529677261038,
    "A182480": 0.034420671795039035,
    "A241180": 0.024790598541001005,
    "A411060": 0.07837378848542592,
    "A261240": 0.07721946330830651,
    "A360750": 0.12691271319211705,
    "A261220": 0.02776355831684597,
    "A069500": 0.04671282971305219,
    "CASH": 0.005445394414340032
  },
  "target_weights": {
    "A468380": 0.040186178623138356,
    "A305080": 0.09626970299419217,
    "A114260": 0.10753431817482517,
    "A161510": 0.04441895529029555,
    "A371160": 0.03214853602184553,
    "A381170": 0.0632326557124658,
    "A459580": 0.20046538868643765,
    "A182480": 0.03392496597119868,
    "A241180": 0.024433579243224438,
    "A411060": 0.07724509629661577,
    "A261240": 0.07610739501679596,
    "A360750": 0.12508499258796021,
    "A261220": 0.027363724239517603,
    "A069500": 0.04604009962008055,
    "CASH": 0.005544411521406663
  },
  "realized_weights": {
    "A161510": 0.045067997498473365,
    "A381170": 0.06415660050640229,
    "A261240": 0.07721946330830651,
    "A114260": 0.10561387322680076,
    "A241180": 0.024790598541001005,
    "A411060": 0.07837378848542592,
    "A459580": 0.19688529677261038,
    "A261220": 0.02776355831684597,
    "A182480": 0.034420671795039035,
    "A360750": 0.12691271319211705,
    "A069500": 0.04671282971305219,
    "A305080": 0.09455043171502309,
    "A371160": 0.03261828495387098,
    "A468380": 0.03946849756069144,
    "CASH": 0.005445394414340032
  },
  "plan": [
    {
      "ticker": "A161510",
      "action": "HOLD",
      "current_qty": 1768,
      "target_qty": 1768,
      "delta_qty": 0,
      "delta_amount_krw": 0
    },
    {
      "ticker": "A381170",
      "action": "HOLD",
      "current_qty": 1936,
      "target_qty": 1936,
      "delta_qty": 0,
      "delta_amount_krw": 0
    },
    {
      "ticker": "A261240",
      "action": "HOLD",
      "current_qty": 4854,
      "target_qty": 4854,
      "delta_qty": 0,
      "delta_amount_krw": 0
    },
    {
      "ticker": "A114260",
      "action": "HOLD",
      "current_qty": 1693,
      "target_qty": 1693,
      "delta_qty": 0,
      "delta_amount_krw": 0
    },
    {
      "ticker": "A241180",
      "action": "HOLD",
      "current_qty": 611,
      "target_qty": 611,
      "delta_qty": 0,
      "delta_amount_krw": 0
    },
    {
      "ticker": "A411060",
      "action": "HOLD",
      "current_qty": 2721,
      "target_qty": 2721,
      "delta_qty": 0,
      "delta_amount_krw": 0
    },
    {
      "ticker": "A459580",
      "action": "HOLD",
      "current_qty": 181,
      "target_qty": 181,
      "delta_qty": 0,
      "delta_amount_krw": 0
    },
    {
      "ticker": "A261220",
      "action": "HOLD",
      "current_qty": 1415,
      "target_qty": 1415,
      "delta_qty": 0,
      "delta_amount_krw": 0
    },
    {
      "ticker": "A182480",
      "action": "HOLD",
      "current_qty": 2404,
      "target_qty": 2404,
      "delta_qty": 0,
      "delta_amount_krw": 0
    },
    {
      "ticker": "A360750",
      "action": "HOLD",
      "current_qty": 4380,
      "target_qty": 4380,
      "delta_qty": 0,
      "delta_amount_krw": 0
    },
    {
      "ticker": "A069500",
      "action": "HOLD",
      "current_qty": 352,
      "target_qty": 352,
      "delta_qty": 0,
      "delta_amount_krw": 0
    },
    {
      "ticker": "A305080",
      "action": "HOLD",
      "current_qty": 6786,
      "target_qty": 6786,
      "delta_qty": 0,
      "delta_amount_krw": 0
    },
    {
      "ticker": "A371160",
      "action": "HOLD",
      "current_qty": 4237,
      "target_qty": 4237,
      "delta_qty": 0,
      "delta_amount_krw": 0
    },
    {
      "ticker": "A468380",
      "action": "HOLD",
      "current_qty": 3199,
      "target_qty": 3199,
      "delta_qty": 0,
      "delta_amount_krw": 0
    }
  ],
  "turnover": 0.0,
  "cash_residual_krw": 5375765,
  "skipped_no_trade": [
    "A161510",
    "A381170",
    "A261240",
    "A114260",
    "A241180",
    "A411060",
    "A459580",
    "A261220",
    "A182480",
    "A360750",
    "A069500",
    "A305080",
    "A371160",
    "A468380"
  ],
  "validation": {
    "passed": true,
    "violations": [],
    "suggestions": []
  },
  "previous_portfolio_path": "artifacts/2026-07-02"
}