{
  "as_of_date": "2026-05-15",
  "capital_krw": 1000000000,
  "method": "risk_parity",
  "bucket_target": {
    "kr_equity": 0.09674224173915144,
    "global_equity": 0.19680096075112016,
    "fx_commodity": 0.29758581253338456,
    "bond": 0.20880368120893453,
    "cash_mmf": 0.20006730376740928,
    "rationale": "Cycle dominant: B (76%, high, β=2.38→eff 98%). Top cell: B_N_F (58%). D1: Macro Quant가 growth_inflation 0.84로 가장 강함. CPI 3.9%, 3m ann 7.3% 가속, GDPNow 4.0%, Sahm false, CFNAI -0.03로 경기 확장/인플레 조합이 우세. 다만 실질금리 very_tight, 뉴스상 yields surge·inflation fears로 D 일부, 성장 둔화 리스크로 ",
    "bond_tips_share": 0.7897762443543943
  },
  "weights": {
    "A069500": 0.00214,
    "A487240": 0.04148,
    "A091160": 0.00854,
    "A381180": 0.00206,
    "A360750": 0.00651,
    "A456600": 0.02642,
    "A458730": 0.06398,
    "A133690": 0.02762,
    "A379810": 0.04477,
    "A411060": 0.14983,
    "A144600": 0.09776,
    "A468370": 0.11342,
    "A430500": 0.0715,
    "A0061Z0": 0.0884,
    "A385540": 0.0055,
    "A488770": 0.12391,
    "A455890": 0.08566,
    "A423160": 0.0405
  },
  "rationale": "risk_parity with single-asset cap 20% AND bucket constraints (±5%p bucket band). 위험자산 target 59.1%.",
  "expected_volatility": 25.589147933885243,
  "expected_sharpe": 0.020392856030723792,
  "research_decision": {
    "bucket_target": {
      "kr_equity": 0.09674224173915144,
      "global_equity": 0.19680096075112016,
      "fx_commodity": 0.29758581253338456,
      "bond": 0.20880368120893453,
      "cash_mmf": 0.20006730376740928,
      "rationale": "Cycle dominant: B (76%, high, β=2.38→eff 98%). Top cell: B_N_F (58%). D1: Macro Quant가 growth_inflation 0.84로 가장 강함. CPI 3.9%, 3m ann 7.3% 가속, GDPNow 4.0%, Sahm false, CFNAI -0.03로 경기 확장/인플레 조합이 우세. 다만 실질금리 very_tight, 뉴스상 yields surge·inflation fears로 D 일부, 성장 둔화 리스크로 ",
      "bond_tips_share": 0.7897762443543943
    },
    "scenario_probabilities": {
      "A_N_F": 0.012,
      "A_N_boom": 0.003,
      "A_N_stress": 0.007,
      "A_T_F": 0.001,
      "A_T_boom": 0.0002,
      "A_T_stress": 0.0008,
      "B_N_F": 0.58,
      "B_N_boom": 0.1,
      "B_N_stress": 0.06,
      "B_T_F": 0.012,
      "B_T_boom": 0.002,
      "B_T_stress": 0.006,
      "C_N_F": 0.08,
      "C_N_boom": 0.004,
      "C_N_stress": 0.02,
      "C_T_F": 0.018,
      "C_T_boom": 0.001,
      "C_T_stress": 0.01,
      "D_N_F": 0.045,
      "D_N_boom": 0.002,
      "D_N_stress": 0.015,
      "D_T_F": 0.008,
      "D_T_boom": 0.0005,
      "D_T_stress": 0.0115,
      "reasoning": "D1: Macro Quant가 growth_inflation 0.84로 가장 강함. CPI 3.9%, 3m ann 7.3% 가속, GDPNow 4.0%, Sahm false, CFNAI -0.03로 경기 확장/인플레 조합이 우세. 다만 실질금리 very_tight, 뉴스상 yields surge·inflation fears로 D 일부, 성장 둔화 리스크로 C 소확률. A는 디스인플레 근거 부족. D2: VVIX 90, MOVE 100, VIX 18.4, term contango, funding/credit calm, HY OAS mom z -0.04로 conditional stress surprise는 낮아 N 우세. 다만 EPU elevated, 금리 급등 기사와 KR 대형주 risk-off 반영해 T는 소확률. B-T는 역사적으로 희귀해 낮게 유지. D3: KR exports +50.2%, CLI 100.1은 boom 쪽이나 이는 cycle 영향이 커 residual로 보기 어렵다. 반면 KR corp spread +63bp, foreign 20d 대규모 순매도, KOSDAQ-KOSPI -25%는 KR idiosyncratic stress 시사. margin은 중립이라 극단 stress는 아님. 따라서 F 우세, stress 차선, boom 소확률. Top cells: B_N_F(글로벌 성장+인플레 지속, 시장 스트레스 비꼬임 없음, KR는 대체로 글로벌 추종), B_N_boom(수출/CLI 강세 반영), C_N_F(긴축 누적시 성장 둔화 전환 리스크)."
    },
    "dominant_cell": {
      "cycle": "B",
      "tail": "N",
      "kr": "F"
    },
    "dominant_cell_probability": 0.58,
    "dominant_cycle": "B",
    "dominant_cycle_probability": 0.76,
    "cycle_marginals": {
      "A": 0.024,
      "B": 0.76,
      "C": 0.133,
      "D": 0.082
    },
    "tail_marginals": {
      "N": 0.9279999999999999,
      "T": 0.071
    },
    "kr_marginals": {
      "F": 0.756,
      "boom": 0.11270000000000001,
      "stress": 0.1303
    },
    "conviction": "high",
    "conviction_beta": 2.38,
    "effective_cycle_marginals": {
      "A": 0.0002627345776376698,
      "B": 0.9793790888654336,
      "C": 0.015466120261755659,
      "D": 0.004892056295173134
    }
  },
  "method_choice": {
    "method": "risk_parity",
    "params": {},
    "reasoning": "scenario=stagflation, conviction=high: stagflation → 균형 분산, risk parity"
  },
  "risk_overlay": {
    "staleness_days": 0,
    "source_date": "2026-05-15",
    "weight_ceilings": {},
    "cluster_caps": {},
    "risk_asset_multiplier": 1.0,
    "tail_hedge_floor": {},
    "severity_decision": "low/single medium/none → archive only",
    "strength_applied": 0.0,
    "lens_concerns": [
      {
        "lens": "tail_risk",
        "level": "none",
        "proposed_overlay": {
          "weight_ceilings": {},
          "cluster_caps": {},
          "risk_asset_multiplier": 1.0,
          "tail_hedge_floor": {}
        },
        "evidence": "CVaR_95_1d=1.95%, systemic_score=4.8, vix_term=contango, funding=calm"
      },
      {
        "lens": "concentration",
        "level": "none",
        "proposed_overlay": {
          "weight_ceilings": {},
          "cluster_caps": {},
          "risk_asset_multiplier": 1.0,
          "tail_hedge_floor": {}
        },
        "evidence": "HHI=0.092, top1=15.0%, top3_sum=38.7%, max_cluster=24.8% (5 clusters)"
      },
      {
        "lens": "macro_conditional",
        "level": "none",
        "proposed_overlay": {
          "weight_ceilings": {},
          "cluster_caps": {},
          "risk_asset_multiplier": 1.0,
          "tail_hedge_floor": {}
        },
        "evidence": "risk_asset_weight=47.1%, scenario=stagflation, conviction=high, systemic=4.8, regime=growth_inflation"
      }
    ]
  },
  "portfolio_numerics": {
    "staleness_days": 0,
    "source_date": "2026-05-15",
    "hhi": 0.091562,
    "top1_weight": 0.14983,
    "top3_weight_sum": 0.38716,
    "cluster_exposure": {
      "cluster_1": 0.11342,
      "cluster_8": 0.0715,
      "cluster_12": 0.24759,
      "cluster_14": 0.02848,
      "cluster_15": 0.05002
    },
    "max_cluster_exposure": 0.24759,
    "realized_vol_60d": 0.008268,
    "var_95_1d": 0.011526,
    "cvar_95_1d": 0.019535,
    "n_assets": 18
  },
  "validation_report": {
    "passed": true,
    "violations": [],
    "suggestions": []
  },
  "rebalance_mode": "initial"
}