{
  "as_of_date": "2026-05-15",
  "capital_krw": 1000000000,
  "method": "min_variance",
  "bucket_target": {
    "kr_equity": 0.07899152556920923,
    "global_equity": 0.16737744007797575,
    "fx_commodity": 0.07605623178103078,
    "bond": 0.45734009400623904,
    "cash_mmf": 0.22023470856554528,
    "rationale": "Factor model: dominant_scenario=goldilocks, conviction=medium. Top contributors: F7_equity_vol_regime=+2.32, F2_inflation=-0.50, F5_credit_cycle=-0.48",
    "bond_tips_share": 0.23173883944422774
  },
  "weights": {
    "A0061Z0": 0.165,
    "A102110": 0.0119,
    "A133690": 0.04908,
    "A144600": 0.03661,
    "A273130": 0.10248,
    "A278530": 0.01697,
    "A360750": 0.07957,
    "A381180": 0.00181,
    "A385540": 0.06201,
    "A411060": 0.03945,
    "A423160": 0.03976,
    "A455890": 0.03961,
    "A456600": 0.03691,
    "A468370": 0.12785,
    "A487240": 0.05012,
    "A488770": 0.14087
  },
  "rationale": "Stage 4 overlay applied (strength=0.70, mult=1.00). critical 1 → 70% strength (conservative initial)",
  "expected_volatility": null,
  "expected_sharpe": null,
  "research_decision": {
    "bucket_target": {
      "kr_equity": 0.07899152556920923,
      "global_equity": 0.16737744007797575,
      "fx_commodity": 0.07605623178103078,
      "bond": 0.45734009400623904,
      "cash_mmf": 0.22023470856554528,
      "rationale": "Factor model: dominant_scenario=goldilocks, conviction=medium. Top contributors: F7_equity_vol_regime=+2.32, F2_inflation=-0.50, F5_credit_cycle=-0.48",
      "bond_tips_share": 0.23173883944422774
    },
    "conviction": "medium",
    "dominant_scenario": "goldilocks",
    "factor_scores": {
      "F1_growth": -0.06394115983339325,
      "F2_inflation": -0.5,
      "F3_real_rate": 0.0,
      "F4_term_premium": 0.0,
      "F5_credit_cycle": -0.4833333333333333,
      "F6_krw_regime": 0.0,
      "F7_equity_vol_regime": 2.3162979298153465,
      "F8_valuation": 0.0,
      "F9_liquidity_regime": -0.3589743589743589
    },
    "factor_contributions": {
      "F1_growth": {
        "kr_equity": -0.00255764639333573,
        "global_equity": -0.003836469590003595,
        "fx_commodity": -0.0006394115983339325,
        "bond": 0.00511529278667146,
        "cash_mmf": 0.0019182347950017975
      },
      "F2_inflation": {
        "kr_equity": 0.01,
        "global_equity": 0.015,
        "fx_commodity": -0.035,
        "bond": 0.025,
        "cash_mmf": -0.015
      },
      "F3_real_rate": {
        "kr_equity": -0.0,
        "global_equity": -0.0,
        "fx_commodity": -0.0,
        "bond": -0.0,
        "cash_mmf": 0.0
      },
      "F4_term_premium": {
        "kr_equity": 0.0,
        "global_equity": 0.0,
        "fx_commodity": 0.0,
        "bond": 0.0,
        "cash_mmf": -0.0
      },
      "F5_credit_cycle": {
        "kr_equity": 0.024166666666666666,
        "global_equity": 0.028999999999999995,
        "fx_commodity": -0.004833333333333333,
        "bond": 0.009666666666666665,
        "cash_mmf": -0.05799999999999999
      },
      "F6_krw_regime": {
        "kr_equity": -0.0,
        "global_equity": 0.0,
        "fx_commodity": 0.0,
        "bond": -0.0,
        "cash_mmf": -0.0
      },
      "F7_equity_vol_regime": {
        "kr_equity": -0.09265191719261387,
        "global_equity": -0.1,
        "fx_commodity": -0.046325958596306935,
        "bond": 0.09265191719261387,
        "cash_mmf": 0.1
      },
      "F8_valuation": {
        "kr_equity": -0.0,
        "global_equity": -0.0,
        "fx_commodity": 0.0,
        "bond": 0.0,
        "cash_mmf": 0.0
      },
      "F9_liquidity_regime": {
        "kr_equity": 0.010769230769230767,
        "global_equity": 0.017948717948717947,
        "fx_commodity": 0.0035897435897435893,
        "bond": -0.014358974358974357,
        "cash_mmf": -0.017948717948717947
      }
    },
    "baseline_bucket": {
      "kr_equity": 0.12,
      "global_equity": 0.2,
      "fx_commodity": 0.15,
      "bond": 0.33,
      "cash_mmf": 0.2
    },
    "safety_diagnostics": {
      "pre_projection_risk_asset": 0.29462962227043155,
      "pre_projection_negatives": [],
      "pre_projection_sum": 0.953674041403693,
      "mandate_violated_pre_projection": false,
      "extreme_factor_active": false,
      "projection_l2_distance": 0.02071759850883664,
      "projection_intervened": true
    }
  },
  "method_choice": {
    "method": "hrp",
    "params": {},
    "reasoning": "scenario=goldilocks, conviction=medium: goldilocks → 분산 친화, HRP"
  },
  "risk_overlay": {
    "staleness_days": 0,
    "source_date": "2026-05-15",
    "weight_ceilings": {
      "A0061Z0": 0.165,
      "A468370": 0.165
    },
    "cluster_caps": {
      "cluster_1": 0.42600000000000005
    },
    "risk_asset_multiplier": 1.0,
    "tail_hedge_floor": {},
    "severity_decision": "critical 1 → 70% strength (conservative initial)",
    "strength_applied": 0.7,
    "lens_concerns": [
      {
        "lens": "tail_risk",
        "level": "none",
        "proposed_overlay": {
          "weight_ceilings": {},
          "cluster_caps": {},
          "risk_asset_multiplier": 1.0,
          "tail_hedge_floor": {}
        },
        "evidence": "CVaR_95_1d=0.98%, systemic_score=4.8, vix_term=contango, funding=calm"
      },
      {
        "lens": "concentration",
        "level": "critical",
        "proposed_overlay": {
          "weight_ceilings": {
            "A0061Z0": 0.15,
            "A468370": 0.15
          },
          "cluster_caps": {
            "cluster_1": 0.18
          },
          "risk_asset_multiplier": 1.0,
          "tail_hedge_floor": {}
        },
        "evidence": "HHI=0.097, top1=20.0%, top3_sum=40.1%, max_cluster=10.6% (4 clusters)"
      },
      {
        "lens": "macro_conditional",
        "level": "none",
        "proposed_overlay": {
          "weight_ceilings": {},
          "cluster_caps": {},
          "risk_asset_multiplier": 1.0,
          "tail_hedge_floor": {}
        },
        "evidence": "risk_asset_weight=32.2%, scenario=goldilocks, conviction=medium, systemic=4.8, regime=growth_inflation"
      }
    ]
  },
  "portfolio_numerics": {
    "staleness_days": 0,
    "source_date": "2026-05-15",
    "hhi": 0.096545,
    "top1_weight": 0.2,
    "top3_weight_sum": 0.400748,
    "cluster_exposure": {
      "cluster_1": 0.105983,
      "cluster_12": 0.076056,
      "cluster_14": 0.021936,
      "cluster_15": 0.036904
    },
    "max_cluster_exposure": 0.105983,
    "realized_vol_60d": 0.005054,
    "var_95_1d": 0.005435,
    "cvar_95_1d": 0.00979,
    "n_assets": 18
  },
  "validation_report": {
    "passed": true,
    "violations": [],
    "suggestions": []
  },
  "rebalance_mode": "initial"
}