{
  "as_of_date": "2026-05-15",
  "capital_krw": 1000000000,
  "method": "risk_parity",
  "bucket_target": {
    "kr_equity": 0.19850000000000004,
    "global_equity": 0.2275,
    "fx_commodity": 0.13250000000000003,
    "bond": 0.35250000000000004,
    "cash_mmf": 0.089,
    "rationale": "Dominant: stagflation (31%, medium conviction). Base leans stagflation/KR boom mix: MQ regime growth_inflation 0.83, CPI 3.9% YoY and 3m ann 7.32%, TIPS 10y 2.00% very_tight, oil +4.2%, equity-bond corr +0.46 all support inflationary growth rather "
  },
  "weights": {
    "A0061Z0": 0.16499835001649985,
    "A102110": 0.07315926840731593,
    "A133690": 0.06487935120648793,
    "A144600": 0.03985960140398596,
    "A273130": 0.042689573104268956,
    "A278530": 0.07075929240707593,
    "A360750": 0.07999920000799991,
    "A381180": 0.01853981460185398,
    "A385540": 0.030599694003059966,
    "A395270": 0.04068959310406895,
    "A411060": 0.0833691663083369,
    "A423160": 0.017099829001709983,
    "A453850": 0.14541854581454183,
    "A456600": 0.04815951840481595,
    "A488770": 0.07977920220797792
  },
  "rationale": "Stage 4 overlay applied (strength=0.70, mult=0.93). critical 1 → 70% strength (conservative initial)",
  "expected_volatility": null,
  "expected_sharpe": null,
  "research_decision": {
    "bucket_target": {
      "kr_equity": 0.19850000000000004,
      "global_equity": 0.2275,
      "fx_commodity": 0.13250000000000003,
      "bond": 0.35250000000000004,
      "cash_mmf": 0.089,
      "rationale": "Dominant: stagflation (31%, medium conviction). Base leans stagflation/KR boom mix: MQ regime growth_inflation 0.83, CPI 3.9% YoY and 3m ann 7.32%, TIPS 10y 2.00% very_tight, oil +4.2%, equity-bond corr +0.46 all support inflationary growth rather "
    },
    "scenario_probabilities": {
      "goldilocks": 0.07,
      "ai_concentration": 0.17,
      "stagflation": 0.31,
      "broad_recession": 0.08,
      "global_credit": 0.03,
      "kr_boom": 0.28,
      "kr_stress": 0.06,
      "reasoning": "Base leans stagflation/KR boom mix: MQ regime growth_inflation 0.83, CPI 3.9% YoY and 3m ann 7.32%, TIPS 10y 2.00% very_tight, oil +4.2%, equity-bond corr +0.46 all support inflationary growth rather than disinflation. Against recession/credit: GDPNow 4.0%, Sahm false, CFNAI -0.03 expansion, NFCI -0.52 easy, HY OAS 280, SOFR-Tbill -4bp, VIX contango 1.21. AI concentration gets weight from US breadth 9%, PCA 0.68 concentrated, VXN-VIX +6.8, mom spread +70.6%; but technical universe breadth is broad_risk_on, so not pure narrow rally. KR boom high on exports +50.2% YoY, KR CLI 100.1 expansion, BSI 100, domestic equity leadership +42%; but foreign flow neutral and news risk-off temper it. Goldilocks low because inflation is re-accelerating, not disinflating. Global credit very low given calm/f"
    },
    "dominant_scenario": "stagflation",
    "dominant_probability": 0.31,
    "conviction": "medium"
  },
  "method_choice": {
    "method": "risk_parity",
    "params": {},
    "reasoning": "scenario=stagflation, conviction=medium: stagflation → 균형 분산, risk parity"
  },
  "risk_overlay": {
    "staleness_days": 0,
    "source_date": "2026-05-15",
    "weight_ceilings": {
      "A0061Z0": 0.165,
      "A453850": 0.165
    },
    "cluster_caps": {
      "cluster_12": 0.42600000000000005
    },
    "risk_asset_multiplier": 0.93,
    "tail_hedge_floor": {},
    "severity_decision": "critical 1 → 70% strength (conservative initial)",
    "strength_applied": 0.7,
    "lens_concerns": [
      {
        "lens": "tail_risk",
        "level": "medium",
        "proposed_overlay": {
          "weight_ceilings": {},
          "cluster_caps": {},
          "risk_asset_multiplier": 0.9,
          "tail_hedge_floor": {}
        },
        "evidence": "CVaR_95_1d=2.31%, systemic_score=7.0, vix_term=contango, funding=calm"
      },
      {
        "lens": "concentration",
        "level": "critical",
        "proposed_overlay": {
          "weight_ceilings": {
            "A0061Z0": 0.15,
            "A453850": 0.15
          },
          "cluster_caps": {
            "cluster_12": 0.18
          },
          "risk_asset_multiplier": 1.0,
          "tail_hedge_floor": {}
        },
        "evidence": "HHI=0.096, top1=20.0%, top3_sum=39.4%, max_cluster=13.9% (2 clusters)"
      },
      {
        "lens": "macro_conditional",
        "level": "none",
        "proposed_overlay": {
          "weight_ceilings": {},
          "cluster_caps": {},
          "risk_asset_multiplier": 1.0,
          "tail_hedge_floor": {}
        },
        "evidence": "risk_asset_weight=55.8%, scenario=stagflation, conviction=medium, systemic=7.0, regime=growth_inflation"
      }
    ]
  },
  "portfolio_numerics": {
    "staleness_days": 0,
    "source_date": "2026-05-15",
    "hhi": 0.096268,
    "top1_weight": 0.2,
    "top3_weight_sum": 0.393732,
    "cluster_exposure": {
      "cluster_12": 0.139112,
      "cluster_13": 0.120471
    },
    "max_cluster_exposure": 0.139112,
    "realized_vol_60d": 0.012696,
    "var_95_1d": 0.013232,
    "cvar_95_1d": 0.023141,
    "n_assets": 15
  },
  "validation_report": {
    "passed": true,
    "violations": [],
    "suggestions": []
  },
  "rebalance_mode": "initial"
}