{
  "as_of_date": "2026-05-15",
  "capital_krw": 1000000000,
  "method": "risk_parity",
  "bucket_target": {
    "kr_equity": 0.09803545011119437,
    "global_equity": 0.19566158234994457,
    "fx_commodity": 0.29987255762005777,
    "bond": 0.20661788478867874,
    "cash_mmf": 0.19981252513012457,
    "rationale": "Cycle dominant: B (76%, high, β=2.38→eff 99%). Top cell: B_N_F (53%). D1: Macro Quant strongly points to B growth+inflation (regime 0.82, CPI 3.95% with 3m ann 7.32% accelerating, GDPNow 4.0%, Sahm false, CFNAI near expansion, easy NFCI). Small A mass from risk-on techn",
    "bond_tips_share": 0.7942182761738618
  },
  "weights": {
    "A395270": 0.02623,
    "A102110": 0.03787,
    "A278530": 0.03394,
    "A381180": 0.01683,
    "A360750": 0.06245,
    "A456600": 0.04344,
    "A133690": 0.07294,
    "A411060": 0.18896,
    "A144600": 0.11091,
    "A468370": 0.09048,
    "A430500": 0.07362,
    "A0061Z0": 0.0155,
    "A273130": 0.02702,
    "A488770": 0.11509,
    "A455890": 0.039,
    "A423160": 0.04572
  },
  "rationale": "risk_parity with single-asset cap 20% AND bucket constraints (strict bucket equality). 위험자산 target 59.4%.",
  "expected_volatility": 37.7866100468449,
  "expected_sharpe": 0.019379412794528324,
  "research_decision": {
    "bucket_target": {
      "kr_equity": 0.09803545011119437,
      "global_equity": 0.19566158234994457,
      "fx_commodity": 0.29987255762005777,
      "bond": 0.20661788478867874,
      "cash_mmf": 0.19981252513012457,
      "rationale": "Cycle dominant: B (76%, high, β=2.38→eff 99%). Top cell: B_N_F (53%). D1: Macro Quant strongly points to B growth+inflation (regime 0.82, CPI 3.95% with 3m ann 7.32% accelerating, GDPNow 4.0%, Sahm false, CFNAI near expansion, easy NFCI). Small A mass from risk-on techn",
      "bond_tips_share": 0.7942182761738618
    },
    "scenario_probabilities": {
      "A_N_F": 0.035,
      "A_N_boom": 0.01,
      "A_N_stress": 0.015,
      "A_T_F": 0.004,
      "A_T_boom": 0.001,
      "A_T_stress": 0.005,
      "B_N_F": 0.53,
      "B_N_boom": 0.12,
      "B_N_stress": 0.08,
      "B_T_F": 0.015,
      "B_T_boom": 0.004,
      "B_T_stress": 0.011,
      "C_N_F": 0.05,
      "C_N_boom": 0.005,
      "C_N_stress": 0.01,
      "C_T_F": 0.012,
      "C_T_boom": 0.001,
      "C_T_stress": 0.008,
      "D_N_F": 0.045,
      "D_N_boom": 0.004,
      "D_N_stress": 0.016,
      "D_T_F": 0.007,
      "D_T_boom": 0.001,
      "D_T_stress": 0.011,
      "reasoning": "D1: Macro Quant strongly points to B growth+inflation (regime 0.82, CPI 3.95% with 3m ann 7.32% accelerating, GDPNow 4.0%, Sahm false, CFNAI near expansion, easy NFCI). Small A mass from risk-on technical breadth; some D from tight real yields/oil jump/news risk-off; limited C. D2: Tail remains mostly N because VVIX/MOVE calm, HY OAS mom flat, funding calm, BBB-AAA calm; however SKEW 146, equity-bond corr extreme positive, narrow breadth/concentration, overnight risk-off/news shocks justify modest conditional T probability. D3: KR residual favors mostly F; no clear boom/stress score given. KR exports very strong and CLI/BSI expansion support some boom, but macro_news notes foreign selling/KOSPI drop and USDKRW 1493 support some stress. Top cells: B_N_F dominant as global cycle B with no clear tail and KR mostly following. B_N_boom second on strong KR exports and decent domestic activity. B_N_stress third because KR-specific sentiment/flows are mixed-negative despite calm spreads."
    },
    "dominant_cell": {
      "cycle": "B",
      "tail": "N",
      "kr": "F"
    },
    "dominant_cell_probability": 0.53,
    "dominant_cycle": "B",
    "dominant_cycle_probability": 0.76,
    "cycle_marginals": {
      "A": 0.07,
      "B": 0.76,
      "C": 0.08600000000000001,
      "D": 0.08399999999999999
    },
    "tail_marginals": {
      "N": 0.92,
      "T": 0.08
    },
    "kr_marginals": {
      "F": 0.6980000000000001,
      "boom": 0.146,
      "stress": 0.156
    },
    "conviction": "high",
    "conviction_beta": 2.38,
    "effective_cycle_marginals": {
      "A": 0.0033792890914549614,
      "B": 0.9858897712910882,
      "C": 0.005515670641065933,
      "D": 0.005215268976391007
    }
  },
  "method_choice": {
    "method": "risk_parity",
    "params": {},
    "reasoning": "scenario=stagflation, conviction=high: stagflation → 균형 분산, risk parity"
  },
  "risk_overlay": {
    "staleness_days": 0,
    "source_date": "2026-05-15",
    "weight_ceilings": {},
    "cluster_caps": {},
    "risk_asset_multiplier": 1.0,
    "tail_hedge_floor": {},
    "severity_decision": "low/single medium/none → archive only",
    "strength_applied": 0.0,
    "lens_concerns": [
      {
        "lens": "tail_risk",
        "level": "medium",
        "proposed_overlay": {
          "weight_ceilings": {},
          "cluster_caps": {},
          "risk_asset_multiplier": 0.9,
          "tail_hedge_floor": {}
        },
        "evidence": "CVaR_95_1d=2.60%, systemic_score=6.7, vix_term=contango, funding=calm"
      },
      {
        "lens": "concentration",
        "level": "none",
        "proposed_overlay": {
          "weight_ceilings": {},
          "cluster_caps": {},
          "risk_asset_multiplier": 1.0,
          "tail_hedge_floor": {}
        },
        "evidence": "HHI=0.094, top1=18.9%, top3_sum=41.5%, max_cluster=13.3% (3 clusters)"
      },
      {
        "lens": "macro_conditional",
        "level": "none",
        "proposed_overlay": {
          "weight_ceilings": {},
          "cluster_caps": {},
          "risk_asset_multiplier": 1.0,
          "tail_hedge_floor": {}
        },
        "evidence": "risk_asset_weight=59.4%, scenario=stagflation, conviction=high, systemic=6.7, regime=growth_inflation"
      }
    ]
  },
  "portfolio_numerics": {
    "staleness_days": 0,
    "source_date": "2026-05-15",
    "hhi": 0.094105,
    "top1_weight": 0.18896,
    "top3_weight_sum": 0.41496,
    "cluster_exposure": {
      "cluster_1": 0.09048,
      "cluster_14": 0.13321,
      "cluster_15": 0.06017
    },
    "max_cluster_exposure": 0.13321,
    "realized_vol_60d": 0.011496,
    "var_95_1d": 0.014967,
    "cvar_95_1d": 0.025983,
    "n_assets": 16
  },
  "validation_report": {
    "passed": true,
    "violations": [],
    "suggestions": []
  },
  "rebalance_mode": "initial"
}