{
  "as_of_date": "2026-07-09",
  "tier": "event:emergency_defensive",
  "trigger": {
    "tier": "event:emergency_defensive"
  },
  "current_weights": {
    "A459580": 0.19872286091519178,
    "A371160": 0.03402631849221818,
    "A161510": 0.044384695427776476,
    "A182480": 0.034548122468298,
    "A261240": 0.07726427008146727,
    "A069500": 0.0425742143832075,
    "A114260": 0.10718541241255113,
    "A261220": 0.02956842099081284,
    "A381170": 0.06483615171723049,
    "A411060": 0.07661373250139483,
    "A305080": 0.09403560488380407,
    "A360750": 0.12636342592351152,
    "A241180": 0.023833889987781586,
    "A468380": 0.039414946334683,
    "CASH": 0.006627933480071316
  },
  "target_weights": {
    "A459580": 0.20051108200518053,
    "A371160": 0.03377983368059721,
    "A161510": 0.04406317509363067,
    "A182480": 0.03429785773688416,
    "A261240": 0.07670457188607133,
    "A069500": 0.04226580907587001,
    "A114260": 0.10814992758776826,
    "A261220": 0.02935422894768843,
    "A381170": 0.06436648213937401,
    "A411060": 0.07605874676505946,
    "A305080": 0.09488179062755114,
    "A360750": 0.1254480560976028,
    "A241180": 0.023661238577221938,
    "A468380": 0.039769624392214264,
    "CASH": 0.006687575387285827
  },
  "realized_weights": {
    "A261240": 0.07726427008146727,
    "A360750": 0.12636342592351152,
    "A459580": 0.19872286091519178,
    "A241180": 0.023833889987781586,
    "A114260": 0.10718541241255113,
    "A069500": 0.0425742143832075,
    "A261220": 0.02956842099081284,
    "A371160": 0.03402631849221818,
    "A161510": 0.044384695427776476,
    "A381170": 0.06483615171723049,
    "A182480": 0.034548122468298,
    "A411060": 0.07661373250139483,
    "A305080": 0.09403560488380407,
    "A468380": 0.039414946334683,
    "CASH": 0.006627933480071316
  },
  "plan": [
    {
      "ticker": "A261240",
      "action": "HOLD",
      "current_qty": 4854,
      "target_qty": 4854,
      "delta_qty": 0,
      "delta_amount_krw": 0
    },
    {
      "ticker": "A360750",
      "action": "HOLD",
      "current_qty": 4380,
      "target_qty": 4380,
      "delta_qty": 0,
      "delta_amount_krw": 0
    },
    {
      "ticker": "A459580",
      "action": "HOLD",
      "current_qty": 180,
      "target_qty": 180,
      "delta_qty": 0,
      "delta_amount_krw": 0
    },
    {
      "ticker": "A241180",
      "action": "HOLD",
      "current_qty": 611,
      "target_qty": 611,
      "delta_qty": 0,
      "delta_amount_krw": 0
    },
    {
      "ticker": "A114260",
      "action": "HOLD",
      "current_qty": 1693,
      "target_qty": 1693,
      "delta_qty": 0,
      "delta_amount_krw": 0
    },
    {
      "ticker": "A069500",
      "action": "HOLD",
      "current_qty": 352,
      "target_qty": 352,
      "delta_qty": 0,
      "delta_amount_krw": 0
    },
    {
      "ticker": "A261220",
      "action": "HOLD",
      "current_qty": 1415,
      "target_qty": 1415,
      "delta_qty": 0,
      "delta_amount_krw": 0
    },
    {
      "ticker": "A371160",
      "action": "HOLD",
      "current_qty": 4237,
      "target_qty": 4237,
      "delta_qty": 0,
      "delta_amount_krw": 0
    },
    {
      "ticker": "A161510",
      "action": "HOLD",
      "current_qty": 1768,
      "target_qty": 1768,
      "delta_qty": 0,
      "delta_amount_krw": 0
    },
    {
      "ticker": "A381170",
      "action": "HOLD",
      "current_qty": 1936,
      "target_qty": 1936,
      "delta_qty": 0,
      "delta_amount_krw": 0
    },
    {
      "ticker": "A182480",
      "action": "HOLD",
      "current_qty": 2404,
      "target_qty": 2404,
      "delta_qty": 0,
      "delta_amount_krw": 0
    },
    {
      "ticker": "A411060",
      "action": "HOLD",
      "current_qty": 2721,
      "target_qty": 2721,
      "delta_qty": 0,
      "delta_amount_krw": 0
    },
    {
      "ticker": "A305080",
      "action": "HOLD",
      "current_qty": 6786,
      "target_qty": 6786,
      "delta_qty": 0,
      "delta_amount_krw": 0
    },
    {
      "ticker": "A468380",
      "action": "HOLD",
      "current_qty": 3199,
      "target_qty": 3199,
      "delta_qty": 0,
      "delta_amount_krw": 0
    }
  ],
  "turnover": 0.0,
  "cash_residual_krw": 6449865,
  "skipped_no_trade": [
    "A261240",
    "A360750",
    "A459580",
    "A241180",
    "A114260",
    "A069500",
    "A261220",
    "A371160",
    "A161510",
    "A381170",
    "A182480",
    "A411060",
    "A305080",
    "A468380"
  ],
  "validation": {
    "passed": true,
    "violations": [],
    "suggestions": []
  },
  "previous_portfolio_path": "artifacts/2026-07-08"
}