{
  "as_of_date": "2026-06-23",
  "tier": "event:emergency_defensive",
  "trigger": {
    "tier": "event:emergency_defensive"
  },
  "current_weights": {
    "A459580": 0.20252570956091812,
    "A305080": 0.09542424353341654,
    "A468380": 0.040018435325045204,
    "A360750": 0.1259243363838743,
    "A161510": 0.04305545552116997,
    "A241180": 0.024945249580442554,
    "A261240": 0.07813811848614138,
    "A182480": 0.033584647758016686,
    "A069500": 0.04758829231661139,
    "A261220": 0.029194710280310666,
    "A381170": 0.06371947655712212,
    "A371160": 0.03202203318358508,
    "A114260": 0.1060063711170706,
    "A411060": 0.07676043124304512,
    "CASH": 0.00109248915323029
  },
  "target_weights": {
    "A459580": 0.2047703343050464,
    "A305080": 0.09648184564570739,
    "A468380": 0.040461966027130584,
    "A360750": 0.12480500537695147,
    "A161510": 0.04267273913952379,
    "A241180": 0.02472351332093431,
    "A261240": 0.07744355521619868,
    "A182480": 0.03328611660294646,
    "A069500": 0.047165283923745145,
    "A261220": 0.02893520091624889,
    "A381170": 0.06315307940226356,
    "A371160": 0.0317373919801736,
    "A114260": 0.10718125663733613,
    "A411060": 0.07607811412101412,
    "CASH": 0.0011045973847795042
  },
  "realized_weights": {
    "A182480": 0.033584647758016686,
    "A381170": 0.06371947655712212,
    "A261240": 0.07813811848614138,
    "A069500": 0.04758829231661139,
    "A114260": 0.1060063711170706,
    "A241180": 0.024945249580442554,
    "A360750": 0.1259243363838743,
    "A261220": 0.029194710280310666,
    "A305080": 0.09542424353341654,
    "A468380": 0.040018435325045204,
    "A459580": 0.19924150886533565,
    "A411060": 0.07676043124304512,
    "A371160": 0.03202203318358508,
    "A161510": 0.04305545552116997,
    "CASH": 0.004376689848812745
  },
  "plan": [
    {
      "ticker": "A459580",
      "action": "SELL",
      "current_qty": 185,
      "target_qty": 182,
      "delta_qty": -3,
      "delta_amount_krw": -3226530
    },
    {
      "ticker": "A182480",
      "action": "HOLD",
      "current_qty": 2404,
      "target_qty": 2404,
      "delta_qty": 0,
      "delta_amount_krw": 0
    },
    {
      "ticker": "A381170",
      "action": "HOLD",
      "current_qty": 1936,
      "target_qty": 1936,
      "delta_qty": 0,
      "delta_amount_krw": 0
    },
    {
      "ticker": "A261240",
      "action": "HOLD",
      "current_qty": 4854,
      "target_qty": 4854,
      "delta_qty": 0,
      "delta_amount_krw": 0
    },
    {
      "ticker": "A069500",
      "action": "HOLD",
      "current_qty": 352,
      "target_qty": 352,
      "delta_qty": 0,
      "delta_amount_krw": 0
    },
    {
      "ticker": "A114260",
      "action": "HOLD",
      "current_qty": 1693,
      "target_qty": 1693,
      "delta_qty": 0,
      "delta_amount_krw": 0
    },
    {
      "ticker": "A241180",
      "action": "HOLD",
      "current_qty": 611,
      "target_qty": 611,
      "delta_qty": 0,
      "delta_amount_krw": 0
    },
    {
      "ticker": "A360750",
      "action": "HOLD",
      "current_qty": 4380,
      "target_qty": 4380,
      "delta_qty": 0,
      "delta_amount_krw": 0
    },
    {
      "ticker": "A261220",
      "action": "HOLD",
      "current_qty": 1415,
      "target_qty": 1415,
      "delta_qty": 0,
      "delta_amount_krw": 0
    },
    {
      "ticker": "A305080",
      "action": "HOLD",
      "current_qty": 6786,
      "target_qty": 6786,
      "delta_qty": 0,
      "delta_amount_krw": 0
    },
    {
      "ticker": "A468380",
      "action": "HOLD",
      "current_qty": 3199,
      "target_qty": 3199,
      "delta_qty": 0,
      "delta_amount_krw": 0
    },
    {
      "ticker": "A411060",
      "action": "HOLD",
      "current_qty": 2721,
      "target_qty": 2721,
      "delta_qty": 0,
      "delta_amount_krw": 0
    },
    {
      "ticker": "A371160",
      "action": "HOLD",
      "current_qty": 4237,
      "target_qty": 4237,
      "delta_qty": 0,
      "delta_amount_krw": 0
    },
    {
      "ticker": "A161510",
      "action": "HOLD",
      "current_qty": 1768,
      "target_qty": 1768,
      "delta_qty": 0,
      "delta_amount_krw": 0
    }
  ],
  "turnover": 0.003284200695582456,
  "cash_residual_krw": 4299835,
  "skipped_no_trade": [
    "A182480",
    "A381170",
    "A261240",
    "A069500",
    "A114260",
    "A241180",
    "A360750",
    "A261220",
    "A305080",
    "A468380",
    "A459580",
    "A411060",
    "A371160",
    "A161510"
  ],
  "validation": {
    "passed": true,
    "violations": [],
    "suggestions": []
  },
  "previous_portfolio_path": "artifacts/2026-06-22"
}