{
  "as_of": "2026-05-15",
  "n": 17,
  "runs": [
    {
      "run": 3,
      "elapsed_s": 8.362550497055054,
      "dominant_cycle": "B",
      "dominant_cycle_prob": 0.7999999999999999,
      "dominant_cell": "B_N_F",
      "dominant_cell_prob": 0.49,
      "conviction": "high",
      "conviction_beta": 2.5,
      "cycle_marginals": {
        "A": 0.038,
        "B": 0.7999999999999999,
        "C": 0.083,
        "D": 0.079
      },
      "tail_marginals": {
        "N": 0.9369999999999999,
        "T": 0.063
      },
      "kr_marginals": {
        "F": 0.594,
        "boom": 0.2075,
        "stress": 0.1985
      },
      "eff_cycle_marginals": {
        "A": 0.0004883087722953905,
        "B": 0.9930257316483552,
        "C": 0.0034429503960728652,
        "D": 0.0030430091832765404
      },
      "portfolio": {
        "kr_equity": 0.10391873948786091,
        "global_equity": 0.19159774283732608,
        "fx_commodity": 0.30034167878439155,
        "bond": 0.20399228428025654,
        "bond_tips_share": 0.7974446815405607,
        "cash_mmf": 0.2001495546101649
      }
    },
    {
      "run": 4,
      "elapsed_s": 11.291863679885864,
      "dominant_cycle": "B",
      "dominant_cycle_prob": 0.86895,
      "dominant_cell": "B_N_F",
      "dominant_cell_prob": 0.53325,
      "conviction": "high",
      "conviction_beta": 2.70685,
      "cycle_marginals": {
        "A": 0.048,
        "B": 0.86895,
        "C": 0.04785,
        "D": 0.0351
      },
      "tail_marginals": {
        "N": 0.9579,
        "T": 0.042
      },
      "kr_marginals": {
        "F": 0.63075,
        "boom": 0.1002,
        "stress": 0.26894999999999997
      },
      "eff_cycle_marginals": {
        "A": 0.00039358263235786075,
        "B": 0.9990474677388903,
        "C": 0.00039026222625990686,
        "D": 0.00016868740249205655
      },
      "portfolio": {
        "kr_equity": 0.08323643373195133,
        "global_equity": 0.2128650242626012,
        "fx_commodity": 0.30112960778296105,
        "bond": 0.2028413688361635,
        "bond_tips_share": 0.7994905008418987,
        "cash_mmf": 0.19992756538632286
      }
    },
    {
      "run": 5,
      "elapsed_s": 7.588764905929565,
      "dominant_cycle": "B",
      "dominant_cycle_prob": 0.959,
      "dominant_cell": "B_N_F",
      "dominant_cell_prob": 0.618,
      "conviction": "high",
      "conviction_beta": 2.9770000000000003,
      "cycle_marginals": {
        "A": 0.032,
        "B": 0.959,
        "C": 0.004,
        "D": 0.005
      },
      "tail_marginals": {
        "N": 0.964,
        "T": 0.036
      },
      "kr_marginals": {
        "F": 0.652,
        "boom": 0.108,
        "stress": 0.24
      },
      "eff_cycle_marginals": {
        "A": 4.017352490005383e-05,
        "B": 0.9999595842327897,
        "C": 8.230781029535698e-08,
        "D": 1.599344998934478e-07
      },
      "portfolio": {
        "kr_equity": 0.08640595089989221,
        "global_equity": 0.2086024347697165,
        "fx_commodity": 0.30165840137054145,
        "bond": 0.20334110498811983,
        "bond_tips_share": 0.7999738337087385,
        "cash_mmf": 0.1999921079717301
      }
    },
    {
      "run": 6,
      "elapsed_s": 9.138419389724731,
      "dominant_cycle": "B",
      "dominant_cycle_prob": 0.8200000000000001,
      "dominant_cell": "B_N_F",
      "dominant_cell_prob": 0.46,
      "conviction": "high",
      "conviction_beta": 2.56,
      "cycle_marginals": {
        "A": 0.06,
        "B": 0.8200000000000001,
        "C": 0.056,
        "D": 0.062
      },
      "tail_marginals": {
        "N": 0.932,
        "T": 0.066
      },
      "kr_marginals": {
        "F": 0.5660000000000001,
        "boom": 0.129,
        "stress": 0.303
      },
      "eff_cycle_marginals": {
        "A": 0.0012334843396828083,
        "B": 0.9963912411369659,
        "C": 0.0010337791963090958,
        "D": 0.0013414953270420235
      },
      "portfolio": {
        "kr_equity": 0.08599115851544638,
        "global_equity": 0.2086066672989531,
        "fx_commodity": 0.3012933111977877,
        "bond": 0.204265037904864,
        "bond_tips_share": 0.7985262787016052,
        "cash_mmf": 0.19984382508294887
      }
    },
    {
      "run": 7,
      "elapsed_s": 18.70769238471985,
      "dominant_cycle": "B",
      "dominant_cycle_prob": 0.788,
      "dominant_cell": "B_N_F",
      "dominant_cell_prob": 0.62,
      "conviction": "high",
      "conviction_beta": 2.4640000000000004,
      "cycle_marginals": {
        "A": 0.055,
        "B": 0.788,
        "C": 0.082,
        "D": 0.0755
      },
      "tail_marginals": {
        "N": 0.9349999999999999,
        "T": 0.0655
      },
      "kr_marginals": {
        "F": 0.752,
        "boom": 0.065,
        "stress": 0.1835
      },
      "eff_cycle_marginals": {
        "A": 0.0014048312782559311,
        "B": 0.9917703058197442,
        "C": 0.003758441834411752,
        "D": 0.0030664210675877446
      },
      "portfolio": {
        "kr_equity": 0.08762286744140034,
        "global_equity": 0.20660050192229187,
        "fx_commodity": 0.3005485537271498,
        "bond": 0.20522577572065862,
        "bond_tips_share": 0.7966438724767659,
        "cash_mmf": 0.2000023011884994
      }
    },
    {
      "run": 8,
      "elapsed_s": 8.666391372680664,
      "dominant_cycle": "B",
      "dominant_cycle_prob": 0.904,
      "dominant_cell": "B_N_F",
      "dominant_cell_prob": 0.607,
      "conviction": "high",
      "conviction_beta": 2.8120000000000003,
      "cycle_marginals": {
        "A": 0.025,
        "B": 0.904,
        "C": 0.028,
        "D": 0.043000000000000003
      },
      "tail_marginals": {
        "N": 0.952,
        "T": 0.048
      },
      "kr_marginals": {
        "F": 0.666,
        "boom": 0.109,
        "stress": 0.225
      },
      "eff_cycle_marginals": {
        "A": 4.1508400927045425e-05,
        "B": 0.9997106645217947,
        "C": 5.70869818361969e-05,
        "D": 0.00019074009544197367
      },
      "portfolio": {
        "kr_equity": 0.08900237570376968,
        "global_equity": 0.20632842622377162,
        "fx_commodity": 0.3015271346540744,
        "bond": 0.20313207283088905,
        "bond_tips_share": 0.7999359130012039,
        "cash_mmf": 0.20000999058749525
      }
    },
    {
      "run": 9,
      "elapsed_s": 8.569718360900879,
      "dominant_cycle": "B",
      "dominant_cycle_prob": 0.906,
      "dominant_cell": "B_N_F",
      "dominant_cell_prob": 0.4214,
      "conviction": "high",
      "conviction_beta": 2.8180000000000005,
      "cycle_marginals": {
        "A": 0.036300000000000006,
        "B": 0.906,
        "C": 0.0216,
        "D": 0.0343
      },
      "tail_marginals": {
        "N": 0.9581000000000001,
        "T": 0.0401
      },
      "kr_marginals": {
        "F": 0.48109999999999997,
        "boom": 0.1675,
        "stress": 0.3496
      },
      "eff_cycle_marginals": {
        "A": 0.00011548486626096622,
        "B": 0.9997593338617983,
        "C": 2.6742307428775046e-05,
        "D": 9.843896451171515e-05
      },
      "portfolio": {
        "kr_equity": 0.08509482230584765,
        "global_equity": 0.20967842063733677,
        "fx_commodity": 0.3017145075064622,
        "bond": 0.20352279218366096,
        "bond_tips_share": 0.7999075523371018,
        "cash_mmf": 0.1999894573666924
      }
    },
    {
      "run": 10,
      "elapsed_s": 17.16738224029541,
      "dominant_cycle": "B",
      "dominant_cycle_prob": 0.72,
      "dominant_cell": "B_N_F",
      "dominant_cell_prob": 0.5,
      "conviction": "high",
      "conviction_beta": 2.26,
      "cycle_marginals": {
        "A": 0.045,
        "B": 0.72,
        "C": 0.149,
        "D": 0.085
      },
      "tail_marginals": {
        "N": 0.926,
        "T": 0.073
      },
      "kr_marginals": {
        "F": 0.685,
        "boom": 0.1,
        "stress": 0.214
      },
      "eff_cycle_marginals": {
        "A": 0.0018295886564067576,