{
  "as_of_date": "2026-07-23",
  "tier": "event:emergency_defensive",
  "trigger": {
    "tier": "event:emergency_defensive"
  },
  "current_weights": {
    "A261220": 0.0359807911136482,
    "A261240": 0.07595768731670088,
    "A114260": 0.10775168056362598,
    "A459580": 0.19833059957292154,
    "A241180": 0.02273993498875356,
    "A069500": 0.04129100015144987,
    "A360750": 0.12378548089207504,
    "A305080": 0.0917787129612276,
    "A371160": 0.033271999538450336,
    "A161510": 0.046394733261705005,
    "A381170": 0.06357931534403678,
    "A182480": 0.03578841486937058,
    "A468380": 0.03862582332023589,
    "A411060": 0.07581433363026928,
    "CASH": 0.008909492475529461
  },
  "target_weights": {
    "A261220": 0.0356821193761363,
    "A261240": 0.075327172707486,
    "A114260": 0.1088654200437513,
    "A459580": 0.20038057798352144,
    "A241180": 0.02255117382804016,
    "A069500": 0.040948249078526414,
    "A360750": 0.12275795416149245,
    "A305080": 0.09272735316363864,
    "A371160": 0.032995813117722234,
    "A161510": 0.0460096167824451,
    "A381170": 0.06305155194596027,
    "A182480": 0.035491340021347656,
    "A468380": 0.03902506632191409,
    "A411060": 0.07518500898084349,
    "CASH": 0.009001582487174498
  },
  "realized_weights": {
    "A381170": 0.06357931534403678,
    "A261220": 0.0359807911136482,
    "A360750": 0.12378548089207504,
    "A161510": 0.046394733261705005,
    "A069500": 0.04129100015144987,
    "A182480": 0.03578841486937058,
    "A411060": 0.07581433363026928,
    "A114260": 0.10775168056362598,
    "A468380": 0.03862582332023589,
    "A459580": 0.19833059957292154,
    "A305080": 0.0917787129612276,
    "A241180": 0.02273993498875356,
    "A261240": 0.07595768731670088,
    "A371160": 0.033271999538450336,
    "CASH": 0.008909492475529461
  },
  "plan": [
    {
      "ticker": "A381170",
      "action": "HOLD",
      "current_qty": 1936,
      "target_qty": 1936,
      "delta_qty": 0,
      "delta_amount_krw": 0
    },
    {
      "ticker": "A261220",
      "action": "HOLD",
      "current_qty": 1415,
      "target_qty": 1415,
      "delta_qty": 0,
      "delta_amount_krw": 0
    },
    {
      "ticker": "A360750",
      "action": "HOLD",
      "current_qty": 4380,
      "target_qty": 4380,
      "delta_qty": 0,
      "delta_amount_krw": 0
    },
    {
      "ticker": "A161510",
      "action": "HOLD",
      "current_qty": 1768,
      "target_qty": 1768,
      "delta_qty": 0,
      "delta_amount_krw": 0
    },
    {
      "ticker": "A069500",
      "action": "HOLD",
      "current_qty": 352,
      "target_qty": 352,
      "delta_qty": 0,
      "delta_amount_krw": 0
    },
    {
      "ticker": "A182480",
      "action": "HOLD",
      "current_qty": 2404,
      "target_qty": 2404,
      "delta_qty": 0,
      "delta_amount_krw": 0
    },
    {
      "ticker": "A411060",
      "action": "HOLD",
      "current_qty": 2721,
      "target_qty": 2721,
      "delta_qty": 0,
      "delta_amount_krw": 0
    },
    {
      "ticker": "A114260",
      "action": "HOLD",
      "current_qty": 1693,
      "target_qty": 1693,
      "delta_qty": 0,
      "delta_amount_krw": 0
    },
    {
      "ticker": "A468380",
      "action": "HOLD",
      "current_qty": 3199,
      "target_qty": 3199,
      "delta_qty": 0,
      "delta_amount_krw": 0
    },
    {
      "ticker": "A459580",
      "action": "HOLD",
      "current_qty": 178,
      "target_qty": 178,
      "delta_qty": 0,
      "delta_amount_krw": 0
    },
    {
      "ticker": "A305080",
      "action": "HOLD",
      "current_qty": 6786,
      "target_qty": 6786,
      "delta_qty": 0,
      "delta_amount_krw": 0
    },
    {
      "ticker": "A241180",
      "action": "HOLD",
      "current_qty": 611,
      "target_qty": 611,
      "delta_qty": 0,
      "delta_amount_krw": 0
    },
    {
      "ticker": "A261240",
      "action": "HOLD",
      "current_qty": 4854,
      "target_qty": 4854,
      "delta_qty": 0,
      "delta_amount_krw": 0
    },
    {
      "ticker": "A371160",
      "action": "HOLD",
      "current_qty": 4237,
      "target_qty": 4237,
      "delta_qty": 0,
      "delta_amount_krw": 0
    }
  ],
  "turnover": 0.0,
  "cash_residual_krw": 8600065,
  "skipped_no_trade": [
    "A381170",
    "A261220",
    "A360750",
    "A161510",
    "A069500",
    "A182480",
    "A411060",
    "A114260",
    "A468380",
    "A459580",
    "A305080",
    "A241180",
    "A261240",
    "A371160"
  ],
  "validation": {
    "passed": true,
    "violations": [],
    "suggestions": []
  },
  "previous_portfolio_path": "artifacts/2026-07-22"
}