{
  "as_of_date": "2026-06-11",
  "tier": "event:emergency_defensive",
  "trigger": {
    "tier": "event:emergency_defensive"
  },
  "current_weights": {
    "A459580": 0.19997630550025633,
    "A305080": 0.0943961537020162,
    "A360750": 0.12334735071480094,
    "A114260": 0.10546012861236577,
    "A161510": 0.04629284161575765,
    "A241180": 0.02281693791888032,
    "A468380": 0.03947374823156205,
    "A182480": 0.033599557168489384,
    "A411060": 0.07650292205132402,
    "A371160": 0.03332522790004262,
    "A381170": 0.06427511829874549,
    "A261220": 0.03546007161825751,
    "A261240": 0.07746676817685107,
    "A069500": 0.044329519149656854,
    "CASH": 0.0032773493409938024
  },
  "target_weights": {
    "A459580": 0.20332728124939403,
    "A305080": 0.09597793720919738,
    "A360750": 0.12170623843377183,
    "A114260": 0.10722730964212294,
    "A161510": 0.04567692444802687,
    "A241180": 0.022513363040156477,
    "A468380": 0.04013520446119202,
    "A182480": 0.03315252165790236,
    "A411060": 0.0754850656953871,
    "A371160": 0.03288184228650556,
    "A381170": 0.06341995047071032,
    "A261220": 0.0349882823282431,
    "A261240": 0.07643608803747284,
    "A069500": 0.0437397236018236,
    "CASH": 0.003332267438093604
  },
  "realized_weights": {
    "A305080": 0.0943961537020162,
    "A114260": 0.10546012861236577,
    "A182480": 0.033599557168489384,
    "A371160": 0.03332522790004262,
    "A360750": 0.12334735071480094,
    "A241180": 0.02281693791888032,
    "A261240": 0.07746676817685107,
    "A069500": 0.044329519149656854,
    "A381170": 0.06427511829874549,
    "A411060": 0.07650292205132402,
    "A468380": 0.03947374823156205,
    "A161510": 0.04629284161575765,
    "A261220": 0.03546007161825751,
    "A459580": 0.19997630550025633,
    "CASH": 0.0032773493409938024
  },
  "plan": [
    {
      "ticker": "A305080",
      "action": "HOLD",
      "current_qty": 6786,
      "target_qty": 6786,
      "delta_qty": 0,
      "delta_amount_krw": 0
    },
    {
      "ticker": "A114260",
      "action": "HOLD",
      "current_qty": 1693,
      "target_qty": 1693,
      "delta_qty": 0,
      "delta_amount_krw": 0
    },
    {
      "ticker": "A182480",
      "action": "HOLD",
      "current_qty": 2404,
      "target_qty": 2404,
      "delta_qty": 0,
      "delta_amount_krw": 0
    },
    {
      "ticker": "A371160",
      "action": "HOLD",
      "current_qty": 4237,
      "target_qty": 4237,
      "delta_qty": 0,
      "delta_amount_krw": 0
    },
    {
      "ticker": "A360750",
      "action": "HOLD",
      "current_qty": 4380,
      "target_qty": 4380,
      "delta_qty": 0,
      "delta_amount_krw": 0
    },
    {
      "ticker": "A241180",
      "action": "HOLD",
      "current_qty": 611,
      "target_qty": 611,
      "delta_qty": 0,
      "delta_amount_krw": 0
    },
    {
      "ticker": "A261240",
      "action": "HOLD",
      "current_qty": 4854,
      "target_qty": 4854,
      "delta_qty": 0,
      "delta_amount_krw": 0
    },
    {
      "ticker": "A069500",
      "action": "HOLD",
      "current_qty": 352,
      "target_qty": 352,
      "delta_qty": 0,
      "delta_amount_krw": 0
    },
    {
      "ticker": "A381170",
      "action": "HOLD",
      "current_qty": 1936,
      "target_qty": 1936,
      "delta_qty": 0,
      "delta_amount_krw": 0
    },
    {
      "ticker": "A411060",
      "action": "HOLD",
      "current_qty": 2721,
      "target_qty": 2721,
      "delta_qty": 0,
      "delta_amount_krw": 0
    },
    {
      "ticker": "A468380",
      "action": "HOLD",
      "current_qty": 3199,
      "target_qty": 3199,
      "delta_qty": 0,
      "delta_amount_krw": 0
    },
    {
      "ticker": "A161510",
      "action": "HOLD",
      "current_qty": 1768,
      "target_qty": 1768,
      "delta_qty": 0,
      "delta_amount_krw": 0
    },
    {
      "ticker": "A261220",
      "action": "HOLD",
      "current_qty": 1415,
      "target_qty": 1415,
      "delta_qty": 0,
      "delta_amount_krw": 0
    },
    {
      "ticker": "A459580",
      "action": "HOLD",
      "current_qty": 183,
      "target_qty": 183,
      "delta_qty": 0,
      "delta_amount_krw": 0
    }
  ],
  "turnover": 0.0,
  "cash_residual_krw": 3223060,
  "skipped_no_trade": [
    "A305080",
    "A114260",
    "A182480",
    "A371160",
    "A360750",
    "A241180",
    "A261240",
    "A069500",
    "A381170",
    "A411060",
    "A468380",
    "A161510",
    "A261220",
    "A459580"
  ],
  "validation": {
    "passed": true,
    "violations": [],
    "suggestions": []
  },
  "previous_portfolio_path": "artifacts/2026-06-10"
}