{
  "cycle_tail_allocation": {
    "A_N": {
      "equity": 0.14698795180722893,
      "bond": 0.10000000000000002,
      "fx": 0.0,
      "cash": 0.7530120481927711,
      "sharpe": 1.2231927130379823,
      "n": 78,
      "shrinkage_lambda": 0.060240963855421686,
      "prior_source": "cycle",
      "status": "shrunk",
      "raw_fit": {
        "equity": 0.15000000000000002,
        "bond": 0.1,
        "fx": 0.0,
        "cash": 0.75
      },
      "prior_used": {
        "equity": 0.1,
        "bond": 0.1,
        "fx": 0.0,
        "cash": 0.7999999999999999
      }
    },
    "A_T": {
      "equity": 0.09456521739130436,
      "bond": 0.22282608695652176,
      "fx": 0.0782608695652174,
      "cash": 0.6043478260869566,
      "sharpe": 1.5298058742052463,
      "n": 18,
      "shrinkage_lambda": 0.21739130434782608,
      "prior_source": "cycle",
      "status": "shrunk",
      "raw_fit": {
        "equity": 0.1,
        "bond": 0.25,
        "fx": 0.1,
        "cash": 0.55
      },
      "prior_used": {
        "equity": 0.07500000000000001,
        "bond": 0.125,
        "fx": 0.0,
        "cash": 0.8
      }
    },
    "B_N": {
      "equity": 0.0015243902439024393,
      "bond": 0.0030487804878048786,
      "fx": 0.0,
      "cash": 0.9954268292682927,
      "sharpe": 2.400465457699251,
      "n": 77,
      "shrinkage_lambda": 0.06097560975609756,
      "prior_source": "cycle",
      "status": "shrunk",
      "raw_fit": {
        "equity": 0.0,
        "bond": 0.0,
        "fx": 0.0,
        "cash": 1.0
      },
      "prior_used": {
        "equity": 0.025,
        "bond": 0.05,
        "fx": 0.0,
        "cash": 0.9249999999999999
      }
    },
    "B_T": {
      "equity": 0.0,
      "bond": 0.05657894736842106,
      "fx": 0.0,
      "cash": 0.943421052631579,
      "sharpe": 4.66598549824055,
      "n": 14,
      "shrinkage_lambda": 0.2631578947368421,
      "prior_source": "cycle",
      "status": "shrunk",
      "raw_fit": {
        "equity": 0.0,
        "bond": 0.05,
        "fx": 0.0,
        "cash": 0.95
      },
      "prior_used": {
        "equity": 0.0,
        "bond": 0.07500000000000001,
        "fx": 0.0,
        "cash": 0.925
      }
    },
    "C_N": {
      "equity": 0.17500000000000002,
      "bond": 0.5750000000000001,
      "fx": 0.0,
      "cash": 0.25,
      "sharpe": 1.5370305178449784,
      "n": 5,
      "shrinkage_lambda": 0.5,
      "prior_source": "cycle",
      "status": "shrunk",
      "raw_fit": {
        "equity": 0.25,
        "bond": 0.75,
        "fx": 0.0,
        "cash": 0.0
      },
      "prior_used": {
        "equity": 0.1,
        "bond": 0.4,
        "fx": 0.0,
        "cash": 0.49999999999999994
      }
    },
    "C_T": {
      "equity": 0.05357142857142858,
      "bond": 0.5178571428571428,
      "fx": 0.0,
      "cash": 0.4285714285714286,
      "sharpe": 0.9868086918618002,
      "n": 2,
      "shrinkage_lambda": 0.7142857142857143,
      "prior_source": "cycle",
      "status": "shrunk",
      "raw_fit": {
        "equity": 0.0,
        "bond": 0.75,
        "fx": 0.0,
        "cash": 0.25
      },
      "prior_used": {
        "equity": 0.07500000000000001,
        "bond": 0.425,
        "fx": 0.0,
        "cash": 0.5
      }
    },
    "D_N": {
      "equity": 0.005434782608695652,
      "bond": 0.005434782608695652,
      "fx": 0.0,
      "cash": 0.9891304347826086,
      "sharpe": 2.8246816722950605,
      "n": 18,
      "shrinkage_lambda": 0.21739130434782608,
      "prior_source": "cycle",
      "status": "shrunk",
      "raw_fit": {
        "equity": 0.0,
        "bond": 0.0,
        "fx": 0.0,
        "cash": 1.0
      },
      "prior_used": {
        "equity": 0.025,
        "bond": 0.025,
        "fx": 0.0,
        "cash": 0.95
      }
    },
    "D_T": {
      "equity": 0.022222222222222223,
      "bond": 0.02777777777777778,
      "fx": 0.06666666666666668,
      "cash": 0.8833333333333333,
      "sharpe": 149.57916913899095,
      "n": 4,
      "shrinkage_lambda": 0.5555555555555556,
      "prior_source": "cycle",
      "status": "shrunk",
      "raw_fit": {
        "equity": 0.05,
        "bond": 0.0,
        "fx": 0.15000000000000002,
        "cash": 0.7999999999999999
      },
      "prior_used": {
        "equity": 0.0,
        "bond": 0.05,
        "fx": 0.0,
        "cash": 0.95
      }
    }
  },
  "cycle_marginal": {
    "A": {
      "equity": 0.15000000000000002,
      "bond": 0.15000000000000002,
      "fx": 0.0,
      "cash": 0.7,
      "sharpe": 1.2011729791497028,
      "n": 96,
      "status": "ok"
    },
    "B": {
      "equity": 0.0,
      "bond": 0.05,
      "fx": 0.0,
      "cash": 0.95,
      "sharpe": 2.4517670736814994,
      "n": 91,
      "status": "ok"
    },
    "C": {
      "equity": 0.15000000000000002,
      "bond": 0.75,
      "fx": 0.0,
      "cash": 0.09999999999999998,
      "sharpe": 0.7995902876827733,
      "n": 7,
      "status": "ok"
    },
    "D": {
      "equity": 0.0,
      "bond": 0.0,
      "fx": 0.0,
      "cash": 1.0,
      "sharpe": 3.207692915971118,
      "n": 22,
      "status": "ok"
    }
  },
  "tail_marginal": {
    "N": {
      "equity": 0.05,
      "bond": 0.05,
      "fx": 0.0,
      "cash": 0.8999999999999999,
      "sharpe": 1.534622551286996,
      "n": 178,
      "status": "ok"
    },
    "T": {
      "equity": 0.0,
      "bond": 0.1,
      "fx": 0.0,
      "cash": 0.9,
      "sharpe": 1.9329771772539637,
      "n": 38,
      "status": "ok"
    }
  },
  "kr_share": {
    "F": {
      "kr_share": 0.0,
      "gl_share": 1.0,
      "sharpe": 0.3175664000978559,
      "ann_return": 0.07187089750606881,
      "ann_vol": 0.16333874581846552,
      "n": 76,
      "status": "ok"
    },
    "boom": {
      "kr_share": 1.0,
      "gl_share": 0.0,
      "sharpe": 1.2624757766127446,
      "ann_return": 0.574673782444412,
      "ann_vol": 0.4393540000685132,
      "n": 19,
      "status": "ok"
    },
    "stress": {
      "kr_share": 0.0,
      "gl_share": 1.0,
      "sharpe": 1.4566678687192716,
      "ann_return": 0.16741574335901205,
      "ann_vol": 0.10120065563649909,
      "n": 17,
      "status": "ok"
    }
  },
  "bond_tips_share": {
    "inflation": {
      "tips_share": 1.0,
      "sharpe": 0.011493587609973991,
      "ann_return": 0.020745988693469705,
      "ann_vol": 0.06490477288591294,
      "n": 26,
      "status": "ok"
    },
    "disinflation": {
      "tips_share": 0.8500000000000001,
      "sharpe": 0.4765787197795757,
      "ann_return": 0.04176191702135419,
      "ann_vol": 0.045662796340171,
      "n": 58,
      "status": "ok"
    }
  },
  "shrinkage_alpha": 5.0,
  "validation_sub_period": {
    "midpoint": "1998-03-31",
    "cells": {
      "A_N": {
        "early": {
          "equity": 0.0,
          "bond": 0.005000000000000001,
          "fx": 0.0,
          "cash": 0.9950000000000001
        },
        "late": {
          "equity": 0.43412698412698414,
          "bond": 0.5400793650793652,
          "fx": 0.0,
          "cash": 0.025793650793650785
        },
        "n_early": 20,
        "n_late": 58,
        "max_drift": 0.9692063492063493
      },
      "A_T": {
        "early": {
          "equity": 0.01041666666666667,
          "bond": 0.0,
          "fx": 0.058333333333333334,
          "cash": 0.93125
        },
        "late": {
          "equity": 0.215625,
          "bond": 0.734375,
          "fx": 0.034375,
          "cash": 0.015625000000000007
        },
        "n_early": 7,
        "n_late": 11,
        "max_drift": 0.915625
      },
      "B_N": {
        "early": {
          "equity": 0.0,
          "bond": 0.004629629629629629,
          "fx": 0.0,
          "cash": 0.9953703703703703
        },
        "late": {
          "equity": 0.011363636363636366,
          "bond": 0.015151515151515152,
          "fx": 0.0,
          "cash": 0.9734848484848485
        },
        "n_early": 49,
        "n_late": 28,
        "max_drift": 0.02188552188552184
      },