{
  "shrinkage": 2.0,
  "mean_is_sharpe": 1.0172853586391972,
  "mean_oos_sharpe": 1.1707756075527063,
  "std_oos_sharpe": 1.4078450865279057,
  "median_beta": {
    "F1_growth_bond": -0.07394284809789901,
    "F1_growth_cash_mmf": -0.03088676280983211,
    "F1_growth_fx_commodity": -0.03038548752304653,
    "F1_growth_global_equity": 0.06676595708461583,
    "F1_growth_kr_equity": 0.020288071310952095,
    "F2_inflation_bond": -0.0016371742941962456,
    "F2_inflation_cash_mmf": 0.07536819894590924,
    "F2_inflation_fx_commodity": 0.04450840108416781,
    "F2_inflation_global_equity": -0.03711989533666527,
    "F2_inflation_kr_equity": -0.1152844666903517,
    "F3_real_rate_bond": -0.08682895628740077,
    "F3_real_rate_cash_mmf": 0.10753144638854223,
    "F3_real_rate_fx_commodity": -0.02036194032638021,
    "F3_real_rate_global_equity": -0.0731603407219515,
    "F3_real_rate_kr_equity": 0.03852058930478591,
    "F4_term_premium_bond": 0.12204470645036321,
    "F4_term_premium_cash_mmf": -0.041006436610905965,
    "F4_term_premium_fx_commodity": -0.0841651220448599,
    "F4_term_premium_global_equity": 0.05483301179008341,
    "F4_term_premium_kr_equity": 0.003951174642861484,
    "F5_credit_cycle_bond": 0.0385084306987623,
    "F5_credit_cycle_cash_mmf": 0.19977142637355966,
    "F5_credit_cycle_fx_commodity": -0.004058640863985836,
    "F5_credit_cycle_global_equity": -0.011811700857199693,
    "F5_credit_cycle_kr_equity": -0.10396259426203731,
    "F6_krw_regime_bond": 0.09759986904023532,
    "F6_krw_regime_cash_mmf": 0.0975832861549261,
    "F6_krw_regime_fx_commodity": 0.05025431473595489,
    "F6_krw_regime_global_equity": 0.09762750771535557,
    "F6_krw_regime_kr_equity": -0.014849720631207033,
    "F7_equity_vol_regime_bond": 0.001090599030493565,
    "F7_equity_vol_regime_cash_mmf": 0.0386216234097737,
    "F7_equity_vol_regime_fx_commodity": -0.006199561348403177,
    "F7_equity_vol_regime_global_equity": -0.09541382750242317,
    "F7_equity_vol_regime_kr_equity": 0.0009477646551412816,
    "F8_valuation_bond": 0.043701704371956376,
    "F8_valuation_cash_mmf": 0.016212668252309534,
    "F8_valuation_fx_commodity": 0.02126831709169737,
    "F8_valuation_global_equity": -0.03567152407246587,
    "F8_valuation_kr_equity": -0.05931913711273009,
    "F9_liquidity_regime_bond": 0.06568090056640168,
    "F9_liquidity_regime_cash_mmf": 0.05749506932236412,
    "F9_liquidity_regime_fx_commodity": -0.010968410764654378,
    "F9_liquidity_regime_global_equity": -0.07549269938027243,
    "F9_liquidity_regime_kr_equity": -0.07228820149871183
  }
}