{
  "mean_oos_sharpe": 0.8198697901971664,
  "per_fold_oos": [
    0.8382028658816002,
    0.023805244684144827,
    0.25525134699763147,
    0.4682175168463653,
    0.5831376255304075,
    3.240254609260648,
    0.3302193221793682
  ]
}