{
  "0.1": {
    "median_beta": {
      "F1_growth_bond": -0.07356363516744253,
      "F1_growth_cash_mmf": -0.053609515881046337,
      "F1_growth_fx_commodity": -0.17277190781534865,
      "F1_growth_global_equity": 0.08280871799574313,
      "F1_growth_kr_equity": 0.02723490337528306,
      "F2_inflation_bond": -0.0012341822624522855,
      "F2_inflation_cash_mmf": 0.19171742341204318,
      "F2_inflation_fx_commodity": 0.00217769372094951,
      "F2_inflation_global_equity": -0.10782793512795215,
      "F2_inflation_kr_equity": -0.1604489781761627,
      "F3_real_rate_bond": -0.13671145265087922,
      "F3_real_rate_cash_mmf": -0.002593153891400455,
      "F3_real_rate_fx_commodity": -0.007391518799426038,
      "F3_real_rate_global_equity": -0.18020489997147965,
      "F3_real_rate_kr_equity": 0.10408093315906773,
      "F4_term_premium_bond": 0.1481874138939966,
      "F4_term_premium_cash_mmf": -0.013795793008483282,
      "F4_term_premium_fx_commodity": -0.05901046017489065,
      "F4_term_premium_global_equity": 0.11349184650150254,
      "F4_term_premium_kr_equity": 0.01337647121074127,
      "F5_credit_cycle_bond": 0.1692071935052746,
      "F5_credit_cycle_cash_mmf": 0.2,
      "F5_credit_cycle_fx_commodity": 0.10030225957914148,
      "F5_credit_cycle_global_equity": -0.00023165108740158053,
      "F5_credit_cycle_kr_equity": -0.00789881623273074,
      "F6_krw_regime_bond": 0.19211407483583295,
      "F6_krw_regime_cash_mmf": 0.18649322159738727,
      "F6_krw_regime_fx_commodity": 0.09544684992700793,
      "F6_krw_regime_global_equity": 0.11905051196107624,
      "F6_krw_regime_kr_equity": 0.07004542245005216,
      "F7_equity_vol_regime_bond": -0.17205902530677866,
      "F7_equity_vol_regime_cash_mmf": 0.001431296981016814,
      "F7_equity_vol_regime_fx_commodity": 0.012567100133155106,
      "F7_equity_vol_regime_global_equity": -0.2,
      "F7_equity_vol_regime_kr_equity": -0.007819758744119823,
      "F8_valuation_bond": -0.022106038672000394,
      "F8_valuation_cash_mmf": -0.035907579719603615,
      "F8_valuation_fx_commodity": 0.2,
      "F8_valuation_global_equity": -0.004545873273434617,
      "F8_valuation_kr_equity": -0.2,
      "F9_liquidity_regime_bond": 0.2,
      "F9_liquidity_regime_cash_mmf": 0.07596001024566958,
      "F9_liquidity_regime_fx_commodity": -0.00956971991330652,
      "F9_liquidity_regime_global_equity": -0.2,
      "F9_liquidity_regime_kr_equity": -0.2
    },
    "mean_is": 1.2988275469288837,
    "mean_oos": 0.8993363686693918,
    "std_oos": 0.6640539084963231,
    "per_fold_oos": [
      0.8166873725561684,
      1.4614908127133115,
      0.6924290743003395,
      0.6768740341348873,
      -0.007535384723494068,
      2.0492451726557968,
      0.6061634990487335
    ],
    "per_fold_is": [
      1.371295568377525,
      1.3822903165697835,
      1.308752452622057,
      1.3033699972494612,
      1.2567912740806142,
      1.2405466802008867,
      1.2287465394018589
    ]
  },
  "0.3": {
    "median_beta": {
      "F1_growth_bond": -0.07137662355284108,
      "F1_growth_cash_mmf": -0.04721237499395399,
      "F1_growth_fx_commodity": -0.08752860137231801,
      "F1_growth_global_equity": 0.05361437774856218,
      "F1_growth_kr_equity": 0.0016699020826292546,
      "F2_inflation_bond": 0.000327058980176751,
      "F2_inflation_cash_mmf": 0.165773238790002,
      "F2_inflation_fx_commodity": 0.0077346488521917904,
      "F2_inflation_global_equity": -0.07152978898187498,
      "F2_inflation_kr_equity": -0.1435801550399697,
      "F3_real_rate_bond": -0.1293772632630768,
      "F3_real_rate_cash_mmf": -0.0004913156974914754,
      "F3_real_rate_fx_commodity": -0.018697185867035154,
      "F3_real_rate_global_equity": -0.08939616041327217,
      "F3_real_rate_kr_equity": 0.09903868360507917,
      "F4_term_premium_bond": 0.1446292810343328,
      "F4_term_premium_cash_mmf": -0.029377262013036455,
      "F4_term_premium_fx_commodity": -0.0783402045860765,
      "F4_term_premium_global_equity": 0.10767660000930838,
      "F4_term_premium_kr_equity": 0.010077946320339178,
      "F5_credit_cycle_bond": 0.15817626156159018,
      "F5_credit_cycle_cash_mmf": 0.2,
      "F5_credit_cycle_fx_commodity": 0.037162074373939855,
      "F5_credit_cycle_global_equity": 0.00031478692533660205,
      "F5_credit_cycle_kr_equity": -0.03892914093026414,
      "F6_krw_regime_bond": 0.1299422305804142,
      "F6_krw_regime_cash_mmf": 0.12027351888222401,
      "F6_krw_regime_fx_commodity": 0.07901444226356297,
      "F6_krw_regime_global_equity": 0.12426285382866496,
      "F6_krw_regime_kr_equity": 0.06882067752702023,
      "F7_equity_vol_regime_bond": -0.08172301090611486,
      "F7_equity_vol_regime_cash_mmf": 0.00026369270442655403,
      "F7_equity_vol_regime_fx_commodity": 0.012047600521936978,
      "F7_equity_vol_regime_global_equity": -0.2,
      "F7_equity_vol_regime_kr_equity": -0.015415820549229124,
      "F8_valuation_bond": 0.019354517540040687,
      "F8_valuation_cash_mmf": -0.023862473814266507,
      "F8_valuation_fx_commodity": 0.12261206670887813,
      "F8_valuation_global_equity": -0.007410777615383094,
      "F8_valuation_kr_equity": -0.14797845109701946,
      "F9_liquidity_regime_bond": 0.1476969026914015,
      "F9_liquidity_regime_cash_mmf": 0.05008894522887182,
      "F9_liquidity_regime_fx_commodity": 0.00265788753690229,
      "F9_liquidity_regime_global_equity": -0.1647119255946736,
      "F9_liquidity_regime_kr_equity": -0.2
    },
    "mean_is": 1.2564410795297516,
    "mean_oos": 0.8842540287980075,
    "std_oos": 0.6596479274138511,
    "per_fold_oos": [
      0.783001985937365,
      1.3000042067391153,
      0.7697064534287584,
      0.7290120693701618,
      -0.1480583458231186,
      2.0250263491699223,
      0.7310854827638477
    ],
    "per_fold_is": [
      1.3570112628704702,
      1.315183057080915,
      1.288363913333392,
      1.2979893888582255,
      1.2317239480758035,
      1.1207540392197721,
      1.1840619472696812
    ]
  },
  "0.5": {
    "median_beta": {
      "F1_growth_bond": -0.07649511277030774,
      "F1_growth_cash_mmf": -0.046849994480566814,
      "F1_growth_fx_commodity": -0.05164286962272524,
      "F1_growth_global_equity": 0.06610597762032917,
      "F1_growth_kr_equity": 0.024551023819835635,
      "F2_inflation_bond": 0.0011956390859958741,
      "F2_inflation_cash_mmf": 0.15195902547872137,
      "F2_inflation_fx_commodity": 0.008842816133705926,
      "F2_inflation_global_equity": -0.055892987642133754,
      "F2_inflation_kr_equity": -0.1290468876388673,
      "F3_real_rate_bond": -0.1209125066364212,
      "F3_real_rate_cash_mmf": -0.0004420855190770366,
      "F3_real_rate_fx_commodity": -0.01754533812452225,
      "F3_real_rate_global_equity": -0.0814727674551571,
      "F3_real_rate_kr_equity": 0.09744462780543352,
      "F4_term_premium_bond": 0.14505021873009338,
      "F4_term_premium_cash_mmf": -0.02608949245460055,
      "F4_term_premium_fx_commodity": -0.08024248811313678,
      "F4_term_premium_global_equity": 0.10676476757894013,
      "F4_term_premium_kr_equity": 0.010572018031093035,
      "F5_credit_cycle_bond": 0.11291295318073336,
      "F5_credit_cycle_cash_mmf": 0.2,
      "F5_credit_cycle_fx_commodity": 0.03686958493571602,
      "F5_credit_cycle_global_equity": 0.0002668224377791385,
      "F5_credit_cycle_kr_equity": -0.05109370403983369,
      "F6_krw_regime_bond": 0.13004348311106664,
      "F6_krw_regime_cash_mmf": 0.09825793375124431,
      "F6_krw_regime_fx_commodity": 0.07616785786301704,
      "F6_krw_regime_global_equity": 0.09941119762752923,
      "F6_krw_regime_kr_equity": 0.06699678638669099,
      "F7_equity_vol_regime_bond": -0.07039546406125886,
      "F7_equity_vol_regime_cash_mmf": -3.3145498221872214e-05,
      "F7_equity_vol_regime_fx_commodity": 0.019160109299240616,
      "F7_equity_vol_regime_global_equity": -0.19320018301981418,
      "F7_equity_vol_regime_kr_equity": -0.017448578205196328,