{
  "as_of_date": "2026-07-07",
  "tier": "event:emergency_defensive",
  "trigger": {
    "tier": "event:emergency_defensive"
  },
  "current_weights": {
    "A261220": 0.027729508505297262,
    "A381170": 0.06449707306899954,
    "A371160": 0.032544133018814966,
    "A459580": 0.1978991459591335,
    "A360750": 0.12719052555266255,
    "A069500": 0.04433048355783559,
    "A161510": 0.045995266994993414,
    "A114260": 0.10613329339449334,
    "A468380": 0.03964954502685804,
    "A261240": 0.07758083018750833,
    "A305080": 0.09495407287905794,
    "A411060": 0.07744987249032614,
    "A182480": 0.03444592606627653,
    "A241180": 0.024127703545001652,
    "CASH": 0.005472619752741199
  },
  "target_weights": {
    "A261220": 0.027435631835272443,
    "A381170": 0.06381353462632415,
    "A371160": 0.032199231072983975,
    "A459580": 0.20052437678254778,
    "A360750": 0.12584256339527405,
    "A069500": 0.04386067014999686,
    "A161510": 0.0455078102519787,
    "A114260": 0.1075412044385725,
    "A468380": 0.04017551600684577,
    "A261240": 0.07675863039882797,
    "A305080": 0.09621368599018428,
    "A411060": 0.07662906058819828,
    "A182480": 0.03408086896307022,
    "A241180": 0.02387199871807345,
    "CASH": 0.005545216781849596
  },
  "realized_weights": {
    "A381170": 0.06449707306899954,
    "A459580": 0.1978991459591335,
    "A069500": 0.04433048355783559,
    "A411060": 0.07744987249032614,
    "A261220": 0.027729508505297262,
    "A360750": 0.12719052555266255,
    "A161510": 0.045995266994993414,
    "A305080": 0.09495407287905794,
    "A182480": 0.03444592606627653,
    "A371160": 0.032544133018814966,
    "A241180": 0.024127703545001652,
    "A114260": 0.10613329339449334,
    "A261240": 0.07758083018750833,
    "A468380": 0.03964954502685804,
    "CASH": 0.005472619752741199
  },
  "plan": [
    {
      "ticker": "A381170",
      "action": "HOLD",
      "current_qty": 1936,
      "target_qty": 1936,
      "delta_qty": 0,
      "delta_amount_krw": 0
    },
    {
      "ticker": "A459580",
      "action": "HOLD",
      "current_qty": 181,
      "target_qty": 181,
      "delta_qty": 0,
      "delta_amount_krw": 0
    },
    {
      "ticker": "A069500",
      "action": "HOLD",
      "current_qty": 352,
      "target_qty": 352,
      "delta_qty": 0,
      "delta_amount_krw": 0
    },
    {
      "ticker": "A411060",
      "action": "HOLD",
      "current_qty": 2721,
      "target_qty": 2721,
      "delta_qty": 0,
      "delta_amount_krw": 0
    },
    {
      "ticker": "A261220",
      "action": "HOLD",
      "current_qty": 1415,
      "target_qty": 1415,
      "delta_qty": 0,
      "delta_amount_krw": 0
    },
    {
      "ticker": "A360750",
      "action": "HOLD",
      "current_qty": 4380,
      "target_qty": 4380,
      "delta_qty": 0,
      "delta_amount_krw": 0
    },
    {
      "ticker": "A161510",
      "action": "HOLD",
      "current_qty": 1768,
      "target_qty": 1768,
      "delta_qty": 0,
      "delta_amount_krw": 0
    },
    {
      "ticker": "A305080",
      "action": "HOLD",
      "current_qty": 6786,
      "target_qty": 6786,
      "delta_qty": 0,
      "delta_amount_krw": 0
    },
    {
      "ticker": "A182480",
      "action": "HOLD",
      "current_qty": 2404,
      "target_qty": 2404,
      "delta_qty": 0,
      "delta_amount_krw": 0
    },
    {
      "ticker": "A371160",
      "action": "HOLD",
      "current_qty": 4237,
      "target_qty": 4237,
      "delta_qty": 0,
      "delta_amount_krw": 0
    },
    {
      "ticker": "A241180",
      "action": "HOLD",
      "current_qty": 611,
      "target_qty": 611,
      "delta_qty": 0,
      "delta_amount_krw": 0
    },
    {
      "ticker": "A114260",
      "action": "HOLD",
      "current_qty": 1693,
      "target_qty": 1693,
      "delta_qty": 0,
      "delta_amount_krw": 0
    },
    {
      "ticker": "A261240",
      "action": "HOLD",
      "current_qty": 4854,
      "target_qty": 4854,
      "delta_qty": 0,
      "delta_amount_krw": 0
    },
    {
      "ticker": "A468380",
      "action": "HOLD",
      "current_qty": 3199,
      "target_qty": 3199,
      "delta_qty": 0,
      "delta_amount_krw": 0
    }
  ],
  "turnover": 0.0,
  "cash_residual_krw": 5375765,
  "skipped_no_trade": [
    "A381170",
    "A459580",
    "A069500",
    "A411060",
    "A261220",
    "A360750",
    "A161510",
    "A305080",
    "A182480",
    "A371160",
    "A241180",
    "A114260",
    "A261240",
    "A468380"
  ],
  "validation": {
    "passed": true,
    "violations": [],
    "suggestions": []
  },
  "previous_portfolio_path": "artifacts/2026-07-06"
}