{
  "as_of_date": "2026-07-08",
  "tier": "event:emergency_defensive",
  "trigger": {
    "tier": "event:emergency_defensive"
  },
  "current_weights": {
    "A381170": 0.06384420239906972,
    "A459580": 0.20003747794039825,
    "A069500": 0.04232677755420385,
    "A411060": 0.07688066895777639,
    "A261220": 0.02945373679369223,
    "A360750": 0.12582808972455997,
    "A161510": 0.04572452779533999,
    "A305080": 0.0941221472587959,
    "A182480": 0.03503798489683452,
    "A371160": 0.03415745805560568,
    "A241180": 0.023368016479592846,
    "A114260": 0.10728901079165894,
    "A261240": 0.07706439564999892,
    "A468380": 0.03933419117729525,
    "CASH": 0.005531314525177523
  },
  "target_weights": {
    "A381170": 0.0634191948244402,
    "A459580": 0.20168947533603393,
    "A069500": 0.04204501037105775,
    "A411060": 0.07636887829516617,
    "A261220": 0.02925766478138613,
    "A360750": 0.12499045859715033,
    "A161510": 0.045420141963437716,
    "A305080": 0.09489944931111181,
    "A182480": 0.03480473883186172,
    "A371160": 0.033930073612567606,
    "A241180": 0.02321245679469279,
    "A114260": 0.1081750505889661,
    "A261240": 0.0765513819282397,
    "A468380": 0.03965903021272685,
    "CASH": 0.0055769945511612426
  },
  "realized_weights": {
    "A459580": 0.19893229850426347,
    "A371160": 0.03415745805560568,
    "A161510": 0.04572452779533999,
    "A182480": 0.03503798489683452,
    "A261240": 0.07706439564999892,
    "A069500": 0.04232677755420385,
    "A114260": 0.10728901079165894,
    "A261220": 0.02945373679369223,
    "A381170": 0.06384420239906972,
    "A411060": 0.07688066895777639,
    "A305080": 0.0941221472587959,
    "A360750": 0.12582808972455997,
    "A241180": 0.023368016479592846,
    "A468380": 0.03933419117729525,
    "CASH": 0.00663649396131232
  },
  "plan": [
    {
      "ticker": "A459580",
      "action": "SELL",
      "current_qty": 181,
      "target_qty": 180,
      "delta_qty": -1,
      "delta_amount_krw": -1074100
    },
    {
      "ticker": "A371160",
      "action": "HOLD",
      "current_qty": 4237,
      "target_qty": 4237,
      "delta_qty": 0,
      "delta_amount_krw": 0
    },
    {
      "ticker": "A161510",
      "action": "HOLD",
      "current_qty": 1768,
      "target_qty": 1768,
      "delta_qty": 0,
      "delta_amount_krw": 0
    },
    {
      "ticker": "A182480",
      "action": "HOLD",
      "current_qty": 2404,
      "target_qty": 2404,
      "delta_qty": 0,
      "delta_amount_krw": 0
    },
    {
      "ticker": "A261240",
      "action": "HOLD",
      "current_qty": 4854,
      "target_qty": 4854,
      "delta_qty": 0,
      "delta_amount_krw": 0
    },
    {
      "ticker": "A069500",
      "action": "HOLD",
      "current_qty": 352,
      "target_qty": 352,
      "delta_qty": 0,
      "delta_amount_krw": 0
    },
    {
      "ticker": "A114260",
      "action": "HOLD",
      "current_qty": 1693,
      "target_qty": 1693,
      "delta_qty": 0,
      "delta_amount_krw": 0
    },
    {
      "ticker": "A261220",
      "action": "HOLD",
      "current_qty": 1415,
      "target_qty": 1415,
      "delta_qty": 0,
      "delta_amount_krw": 0
    },
    {
      "ticker": "A381170",
      "action": "HOLD",
      "current_qty": 1936,
      "target_qty": 1936,
      "delta_qty": 0,
      "delta_amount_krw": 0
    },
    {
      "ticker": "A411060",
      "action": "HOLD",
      "current_qty": 2721,
      "target_qty": 2721,
      "delta_qty": 0,
      "delta_amount_krw": 0
    },
    {
      "ticker": "A305080",
      "action": "HOLD",
      "current_qty": 6786,
      "target_qty": 6786,
      "delta_qty": 0,
      "delta_amount_krw": 0
    },
    {
      "ticker": "A360750",
      "action": "HOLD",
      "current_qty": 4380,
      "target_qty": 4380,
      "delta_qty": 0,
      "delta_amount_krw": 0
    },
    {
      "ticker": "A241180",
      "action": "HOLD",
      "current_qty": 611,
      "target_qty": 611,
      "delta_qty": 0,
      "delta_amount_krw": 0
    },
    {
      "ticker": "A468380",
      "action": "HOLD",
      "current_qty": 3199,
      "target_qty": 3199,
      "delta_qty": 0,
      "delta_amount_krw": 0
    }
  ],
  "turnover": 0.001105179436134797,
  "cash_residual_krw": 6449865,
  "skipped_no_trade": [
    "A459580",
    "A371160",
    "A161510",
    "A182480",
    "A261240",
    "A069500",
    "A114260",
    "A261220",
    "A381170",
    "A411060",
    "A305080",
    "A360750",
    "A241180",
    "A468380"
  ],
  "validation": {
    "passed": true,
    "violations": [],
    "suggestions": []
  },
  "previous_portfolio_path": "artifacts/2026-07-07"
}