{
  "as_of_date": "2026-07-01",
  "tier": "event:emergency_defensive",
  "trigger": {
    "tier": "event:emergency_defensive"
  },
  "current_weights": {
    "A069500": 0.04790129982126588,
    "A261220": 0.02776181513442361,
    "A305080": 0.09600148702739304,
    "A114260": 0.10535979550844388,
    "A182480": 0.03389993544834319,
    "A371160": 0.03250990371624078,
    "A241180": 0.02520828562559154,
    "A459580": 0.1965578300021686,
    "A411060": 0.07522631836169033,
    "A261240": 0.078514500097681,
    "A360750": 0.12789315657601827,
    "A381170": 0.0644223967062849,
    "A468380": 0.03991673658182223,
    "A161510": 0.043388505505858016,
    "CASH": 0.00543803388677475
  },
  "target_weights": {
    "A069500": 0.04732257765088589,
    "A261220": 0.027426409248399012,
    "A305080": 0.09745818740618968,
    "A114260": 0.1069584963075606,
    "A182480": 0.0334903715264536,
    "A371160": 0.03211713353865252,
    "A241180": 0.024903730345813425,
    "A459580": 0.19954034490152533,
    "A411060": 0.07431746748719599,
    "A261240": 0.07756592287592767,
    "A360750": 0.12634800841873253,
    "A381170": 0.06364407400143024,
    "A468380": 0.0405224222550293,
    "A161510": 0.042864304906509214,
    "CASH": 0.005520549129695033
  },
  "realized_weights": {
    "A261220": 0.02776181513442361,
    "A241180": 0.02520828562559154,
    "A261240": 0.078514500097681,
    "A161510": 0.043388505505858016,
    "A411060": 0.07522631836169033,
    "A468380": 0.03991673658182223,
    "A114260": 0.10535979550844388,
    "A305080": 0.09600148702739304,
    "A069500": 0.04790129982126588,
    "A182480": 0.03389993544834319,
    "A360750": 0.12789315657601827,
    "A371160": 0.03250990371624078,
    "A381170": 0.0644223967062849,
    "A459580": 0.1965578300021686,
    "CASH": 0.00543803388677475
  },
  "plan": [
    {
      "ticker": "A261220",
      "action": "HOLD",
      "current_qty": 1415,
      "target_qty": 1415,
      "delta_qty": 0,
      "delta_amount_krw": 0
    },
    {
      "ticker": "A241180",
      "action": "HOLD",
      "current_qty": 611,
      "target_qty": 611,
      "delta_qty": 0,
      "delta_amount_krw": 0
    },
    {
      "ticker": "A261240",
      "action": "HOLD",
      "current_qty": 4854,
      "target_qty": 4854,
      "delta_qty": 0,
      "delta_amount_krw": 0
    },
    {
      "ticker": "A161510",
      "action": "HOLD",
      "current_qty": 1768,
      "target_qty": 1768,
      "delta_qty": 0,
      "delta_amount_krw": 0
    },
    {
      "ticker": "A411060",
      "action": "HOLD",
      "current_qty": 2721,
      "target_qty": 2721,
      "delta_qty": 0,
      "delta_amount_krw": 0
    },
    {
      "ticker": "A468380",
      "action": "HOLD",
      "current_qty": 3199,
      "target_qty": 3199,
      "delta_qty": 0,
      "delta_amount_krw": 0
    },
    {
      "ticker": "A114260",
      "action": "HOLD",
      "current_qty": 1693,
      "target_qty": 1693,
      "delta_qty": 0,
      "delta_amount_krw": 0
    },
    {
      "ticker": "A305080",
      "action": "HOLD",
      "current_qty": 6786,
      "target_qty": 6786,
      "delta_qty": 0,
      "delta_amount_krw": 0
    },
    {
      "ticker": "A069500",
      "action": "HOLD",
      "current_qty": 352,
      "target_qty": 352,
      "delta_qty": 0,
      "delta_amount_krw": 0
    },
    {
      "ticker": "A182480",
      "action": "HOLD",
      "current_qty": 2404,
      "target_qty": 2404,
      "delta_qty": 0,
      "delta_amount_krw": 0
    },
    {
      "ticker": "A360750",
      "action": "HOLD",
      "current_qty": 4380,
      "target_qty": 4380,
      "delta_qty": 0,
      "delta_amount_krw": 0
    },
    {
      "ticker": "A371160",
      "action": "HOLD",
      "current_qty": 4237,
      "target_qty": 4237,
      "delta_qty": 0,
      "delta_amount_krw": 0
    },
    {
      "ticker": "A381170",
      "action": "HOLD",
      "current_qty": 1936,
      "target_qty": 1936,
      "delta_qty": 0,
      "delta_amount_krw": 0
    },
    {
      "ticker": "A459580",
      "action": "HOLD",
      "current_qty": 181,
      "target_qty": 181,
      "delta_qty": 0,
      "delta_amount_krw": 0
    }
  ],
  "turnover": 0.0,
  "cash_residual_krw": 5375765,
  "skipped_no_trade": [
    "A261220",
    "A241180",
    "A261240",
    "A161510",
    "A411060",
    "A468380",
    "A114260",
    "A305080",
    "A069500",
    "A182480",
    "A360750",
    "A371160",
    "A381170",
    "A459580"
  ],
  "validation": {
    "passed": true,
    "violations": [],
    "suggestions": []
  },
  "previous_portfolio_path": "artifacts/2026-06-30"
}